dataset,model,experiment,snapshot,sensor_id,sensor_x,sensor_y,start_frame,end_frame,length,track_path,pressure_path
full,cylinder,1,2,0,146.0,80.0,306,306,1,D:\full_files\1\2\circle_vortex_tracks.csv,D:\full_files\1\2\circle_pressure_map.csv
full,cylinder,1,2,0,146.0,80.0,346,347,2,D:\full_files\1\2\circle_vortex_tracks.csv,D:\full_files\1\2\circle_pressure_map.csv
full,cylinder,1,2,0,146.0,80.0,352,352,1,D:\full_files\1\2\circle_vortex_tracks.csv,D:\full_files\1\2\circle_pressure_map.csv
full,cylinder,1,2,0,146.0,80.0,388,412,25,D:\full_files\1\2\circle_vortex_tracks.csv,D:\full_files\1\2\circle_pressure_map.csv
full,cylinder,1,2,0,146.0,80.0,418,653,236,D:\full_files\1\2\circle_vortex_tracks.csv,D:\full_files\1\2\circle_pressure_map.csv
full,cylinder,1,2,1,198.0,80.0,336,653,318,D:\full_files\1\2\circle_vortex_tracks.csv,D:\full_files\1\2\circle_pressure_map.csv
full,cylinder,1,2,2,200.0,39.0,109,128,20,D:\full_files\1\2\circle_vortex_tracks.csv,D:\full_files\1\2\circle_pressure_map.csv
full,cylinder,1,2,2,200.0,39.0,137,365,229,D:\full_files\1\2\circle_vortex_tracks.csv,D:\full_files\1\2\circle_pressure_map.csv
full,cylinder,1,3,0,146.0,80.0,184,285,102,D:\full_files\1\3\circle_vortex_tracks.csv,D:\full_files\1\3\circle_pressure_map.csv
full,cylinder,1,3,2,200.0,39.0,273,285,13,D:\full_files\1\3\circle_vortex_tracks.csv,D:\full_files\1\3\circle_pressure_map.csv
full,cylinder,1,4,0,146.0,80.0,199,433,235,D:\full_files\1\4\circle_vortex_tracks.csv,D:\full_files\1\4\circle_pressure_map.csv
full,cylinder,1,4,1,198.0,80.0,138,382,245,D:\full_files\1\4\circle_vortex_tracks.csv,D:\full_files\1\4\circle_pressure_map.csv
full,cylinder,1,4,2,200.0,39.0,409,417,9,D:\full_files\1\4\circle_vortex_tracks.csv,D:\full_files\1\4\circle_pressure_map.csv
full,cylinder,1,5,0,146.0,80.0,161,213,53,D:\full_files\1\5\circle_vortex_tracks.csv,D:\full_files\1\5\circle_pressure_map.csv
full,cylinder,1,5,1,198.0,80.0,130,130,1,D:\full_files\1\5\circle_vortex_tracks.csv,D:\full_files\1\5\circle_pressure_map.csv
full,cylinder,1,5,1,198.0,80.0,132,206,75,D:\full_files\1\5\circle_vortex_tracks.csv,D:\full_files\1\5\circle_pressure_map.csv
full,cylinder,1,5,1,198.0,80.0,210,210,1,D:\full_files\1\5\circle_vortex_tracks.csv,D:\full_files\1\5\circle_pressure_map.csv
full,cylinder,1,6,0,146.0,80.0,215,335,121,D:\full_files\1\6\circle_vortex_tracks.csv,D:\full_files\1\6\circle_pressure_map.csv
full,cylinder,1,6,2,200.0,39.0,265,335,71,D:\full_files\1\6\circle_vortex_tracks.csv,D:\full_files\1\6\circle_pressure_map.csv
full,cylinder,1,9,0,146.0,80.0,65,81,17,D:\full_files\1\9\circle_vortex_tracks.csv,D:\full_files\1\9\circle_pressure_map.csv
full,cylinder,1,9,0,146.0,80.0,83,83,1,D:\full_files\1\9\circle_vortex_tracks.csv,D:\full_files\1\9\circle_pressure_map.csv
full,cylinder,1,9,0,146.0,80.0,108,115,8,D:\full_files\1\9\circle_vortex_tracks.csv,D:\full_files\1\9\circle_pressure_map.csv
full,cylinder,1,9,0,146.0,80.0,117,119,3,D:\full_files\1\9\circle_vortex_tracks.csv,D:\full_files\1\9\circle_pressure_map.csv
full,cylinder,1,9,0,146.0,80.0,125,133,9,D:\full_files\1\9\circle_vortex_tracks.csv,D:\full_files\1\9\circle_pressure_map.csv
full,cylinder,1,9,0,146.0,80.0,135,135,1,D:\full_files\1\9\circle_vortex_tracks.csv,D:\full_files\1\9\circle_pressure_map.csv
full,cylinder,1,9,0,146.0,80.0,139,259,121,D:\full_files\1\9\circle_vortex_tracks.csv,D:\full_files\1\9\circle_pressure_map.csv
full,cylinder,1,9,1,198.0,80.0,156,156,1,D:\full_files\1\9\circle_vortex_tracks.csv,D:\full_files\1\9\circle_pressure_map.csv
full,cylinder,1,9,1,198.0,80.0,158,160,3,D:\full_files\1\9\circle_vortex_tracks.csv,D:\full_files\1\9\circle_pressure_map.csv
full,cylinder,1,9,1,198.0,80.0,164,167,4,D:\full_files\1\9\circle_vortex_tracks.csv,D:\full_files\1\9\circle_pressure_map.csv
full,cylinder,1,9,1,198.0,80.0,171,173,3,D:\full_files\1\9\circle_vortex_tracks.csv,D:\full_files\1\9\circle_pressure_map.csv
full,cylinder,1,9,1,198.0,80.0,176,176,1,D:\full_files\1\9\circle_vortex_tracks.csv,D:\full_files\1\9\circle_pressure_map.csv
full,cylinder,1,9,1,198.0,80.0,178,203,26,D:\full_files\1\9\circle_vortex_tracks.csv,D:\full_files\1\9\circle_pressure_map.csv
full,cylinder,1,9,1,198.0,80.0,235,259,25,D:\full_files\1\9\circle_vortex_tracks.csv,D:\full_files\1\9\circle_pressure_map.csv
full,cylinder,1,11,0,146.0,80.0,280,287,8,D:\full_files\1\11\circle_vortex_tracks.csv,D:\full_files\1\11\circle_pressure_map.csv
full,cylinder,1,11,0,146.0,80.0,293,338,46,D:\full_files\1\11\circle_vortex_tracks.csv,D:\full_files\1\11\circle_pressure_map.csv
full,cylinder,1,11,2,200.0,39.0,88,96,9,D:\full_files\1\11\circle_vortex_tracks.csv,D:\full_files\1\11\circle_pressure_map.csv
full,cylinder,1,11,2,200.0,39.0,118,118,1,D:\full_files\1\11\circle_vortex_tracks.csv,D:\full_files\1\11\circle_pressure_map.csv
full,cylinder,1,11,2,200.0,39.0,120,338,219,D:\full_files\1\11\circle_vortex_tracks.csv,D:\full_files\1\11\circle_pressure_map.csv
full,cylinder,1,12,0,146.0,80.0,183,194,12,D:\full_files\1\12\circle_vortex_tracks.csv,D:\full_files\1\12\circle_pressure_map.csv
full,cylinder,1,16,0,146.0,80.0,163,166,4,D:\full_files\1\16\circle_vortex_tracks.csv,D:\full_files\1\16\circle_pressure_map.csv
full,cylinder,1,16,0,146.0,80.0,168,210,43,D:\full_files\1\16\circle_vortex_tracks.csv,D:\full_files\1\16\circle_pressure_map.csv
full,cylinder,1,16,2,200.0,39.0,177,210,34,D:\full_files\1\16\circle_vortex_tracks.csv,D:\full_files\1\16\circle_pressure_map.csv
full,cylinder,1,18,0,146.0,80.0,162,209,48,D:\full_files\1\18\circle_vortex_tracks.csv,D:\full_files\1\18\circle_pressure_map.csv
full,cylinder,1,18,2,200.0,39.0,206,209,4,D:\full_files\1\18\circle_vortex_tracks.csv,D:\full_files\1\18\circle_pressure_map.csv
full,cylinder,1,21,0,146.0,80.0,88,236,149,D:\full_files\1\21\circle_vortex_tracks.csv,D:\full_files\1\21\circle_pressure_map.csv
full,cylinder,1,21,1,198.0,80.0,162,236,75,D:\full_files\1\21\circle_vortex_tracks.csv,D:\full_files\1\21\circle_pressure_map.csv
full,cylinder,1,23,0,146.0,80.0,66,67,2,D:\full_files\1\23\circle_vortex_tracks.csv,D:\full_files\1\23\circle_pressure_map.csv
full,cylinder,1,23,2,200.0,39.0,66,67,2,D:\full_files\1\23\circle_vortex_tracks.csv,D:\full_files\1\23\circle_pressure_map.csv
full,cylinder,1,25,0,146.0,80.0,187,191,5,D:\full_files\1\25\circle_vortex_tracks.csv,D:\full_files\1\25\circle_pressure_map.csv
full,cylinder,1,25,2,200.0,39.0,126,144,19,D:\full_files\1\25\circle_vortex_tracks.csv,D:\full_files\1\25\circle_pressure_map.csv
full,cylinder,1,25,2,200.0,39.0,152,165,14,D:\full_files\1\25\circle_vortex_tracks.csv,D:\full_files\1\25\circle_pressure_map.csv
full,cylinder,1,25,2,200.0,39.0,168,178,11,D:\full_files\1\25\circle_vortex_tracks.csv,D:\full_files\1\25\circle_pressure_map.csv
full,cylinder,1,25,2,200.0,39.0,184,191,8,D:\full_files\1\25\circle_vortex_tracks.csv,D:\full_files\1\25\circle_pressure_map.csv
full,cylinder,1,26,0,146.0,80.0,196,244,49,D:\full_files\1\26\circle_vortex_tracks.csv,D:\full_files\1\26\circle_pressure_map.csv
full,cylinder,1,26,1,198.0,80.0,231,244,14,D:\full_files\1\26\circle_vortex_tracks.csv,D:\full_files\1\26\circle_pressure_map.csv
full,cylinder,1,26,2,200.0,39.0,60,244,185,D:\full_files\1\26\circle_vortex_tracks.csv,D:\full_files\1\26\circle_pressure_map.csv
full,cylinder,1,27,0,146.0,80.0,134,138,5,D:\full_files\1\27\circle_vortex_tracks.csv,D:\full_files\1\27\circle_pressure_map.csv
full,cylinder,1,27,0,146.0,80.0,141,171,31,D:\full_files\1\27\circle_vortex_tracks.csv,D:\full_files\1\27\circle_pressure_map.csv
full,cylinder,1,27,2,200.0,39.0,148,217,70,D:\full_files\1\27\circle_vortex_tracks.csv,D:\full_files\1\27\circle_pressure_map.csv
full,cylinder,2,5,0,146.0,80.0,329,477,149,D:\full_files\2\5\circle_vortex_tracks.csv,D:\full_files\2\5\circle_pressure_map.csv
full,cylinder,2,5,1,198.0,80.0,220,365,146,D:\full_files\2\5\circle_vortex_tracks.csv,D:\full_files\2\5\circle_pressure_map.csv
full,cylinder,2,5,1,198.0,80.0,393,477,85,D:\full_files\2\5\circle_vortex_tracks.csv,D:\full_files\2\5\circle_pressure_map.csv
full,cylinder,2,5,2,200.0,39.0,251,264,14,D:\full_files\2\5\circle_vortex_tracks.csv,D:\full_files\2\5\circle_pressure_map.csv
full,cylinder,2,5,2,200.0,39.0,266,269,4,D:\full_files\2\5\circle_vortex_tracks.csv,D:\full_files\2\5\circle_pressure_map.csv
full,cylinder,2,5,2,200.0,39.0,271,271,1,D:\full_files\2\5\circle_vortex_tracks.csv,D:\full_files\2\5\circle_pressure_map.csv
full,cylinder,2,5,2,200.0,39.0,334,477,144,D:\full_files\2\5\circle_vortex_tracks.csv,D:\full_files\2\5\circle_pressure_map.csv
full,cylinder,2,6,0,146.0,80.0,277,277,1,D:\full_files\2\6\circle_vortex_tracks.csv,D:\full_files\2\6\circle_pressure_map.csv
full,cylinder,2,6,0,146.0,80.0,322,322,1,D:\full_files\2\6\circle_vortex_tracks.csv,D:\full_files\2\6\circle_pressure_map.csv
full,cylinder,2,6,0,146.0,80.0,420,631,212,D:\full_files\2\6\circle_vortex_tracks.csv,D:\full_files\2\6\circle_pressure_map.csv
full,cylinder,2,6,2,200.0,39.0,479,498,20,D:\full_files\2\6\circle_vortex_tracks.csv,D:\full_files\2\6\circle_pressure_map.csv
full,cylinder,2,6,2,200.0,39.0,500,501,2,D:\full_files\2\6\circle_vortex_tracks.csv,D:\full_files\2\6\circle_pressure_map.csv
full,cylinder,2,6,2,200.0,39.0,504,504,1,D:\full_files\2\6\circle_vortex_tracks.csv,D:\full_files\2\6\circle_pressure_map.csv
full,cylinder,2,6,2,200.0,39.0,531,541,11,D:\full_files\2\6\circle_vortex_tracks.csv,D:\full_files\2\6\circle_pressure_map.csv
full,cylinder,2,6,2,200.0,39.0,549,550,2,D:\full_files\2\6\circle_vortex_tracks.csv,D:\full_files\2\6\circle_pressure_map.csv
full,cylinder,2,6,2,200.0,39.0,553,554,2,D:\full_files\2\6\circle_vortex_tracks.csv,D:\full_files\2\6\circle_pressure_map.csv
full,cylinder,2,6,2,200.0,39.0,556,566,11,D:\full_files\2\6\circle_vortex_tracks.csv,D:\full_files\2\6\circle_pressure_map.csv
full,cylinder,2,6,2,200.0,39.0,568,568,1,D:\full_files\2\6\circle_vortex_tracks.csv,D:\full_files\2\6\circle_pressure_map.csv
full,cylinder,2,6,2,200.0,39.0,574,574,1,D:\full_files\2\6\circle_vortex_tracks.csv,D:\full_files\2\6\circle_pressure_map.csv
full,cylinder,2,6,2,200.0,39.0,576,577,2,D:\full_files\2\6\circle_vortex_tracks.csv,D:\full_files\2\6\circle_pressure_map.csv
full,cylinder,2,6,2,200.0,39.0,582,588,7,D:\full_files\2\6\circle_vortex_tracks.csv,D:\full_files\2\6\circle_pressure_map.csv
full,cylinder,2,6,2,200.0,39.0,590,631,42,D:\full_files\2\6\circle_vortex_tracks.csv,D:\full_files\2\6\circle_pressure_map.csv
full,cylinder,2,7,0,146.0,80.0,399,677,279,D:\full_files\2\7\circle_vortex_tracks.csv,D:\full_files\2\7\circle_pressure_map.csv
full,cylinder,2,7,1,198.0,80.0,198,652,455,D:\full_files\2\7\circle_vortex_tracks.csv,D:\full_files\2\7\circle_pressure_map.csv
full,cylinder,2,7,2,200.0,39.0,309,331,23,D:\full_files\2\7\circle_vortex_tracks.csv,D:\full_files\2\7\circle_pressure_map.csv
full,cylinder,2,7,2,200.0,39.0,346,600,255,D:\full_files\2\7\circle_vortex_tracks.csv,D:\full_files\2\7\circle_pressure_map.csv
full,cylinder,2,7,2,200.0,39.0,653,677,25,D:\full_files\2\7\circle_vortex_tracks.csv,D:\full_files\2\7\circle_pressure_map.csv
full,cylinder,2,8,0,146.0,80.0,481,592,112,D:\full_files\2\8\circle_vortex_tracks.csv,D:\full_files\2\8\circle_pressure_map.csv
full,cylinder,2,8,2,200.0,39.0,533,592,60,D:\full_files\2\8\circle_vortex_tracks.csv,D:\full_files\2\8\circle_pressure_map.csv
full,cylinder,2,9,0,146.0,80.0,249,467,219,D:\full_files\2\9\circle_vortex_tracks.csv,D:\full_files\2\9\circle_pressure_map.csv
full,cylinder,2,9,2,200.0,39.0,107,125,19,D:\full_files\2\9\circle_vortex_tracks.csv,D:\full_files\2\9\circle_pressure_map.csv
full,cylinder,2,9,2,200.0,39.0,127,467,341,D:\full_files\2\9\circle_vortex_tracks.csv,D:\full_files\2\9\circle_pressure_map.csv
full,cylinder,3,2,0,146.0,80.0,179,349,171,D:\full_files\3\2\circle_vortex_tracks.csv,D:\full_files\3\2\circle_pressure_map.csv
full,cylinder,3,2,1,198.0,80.0,315,349,35,D:\full_files\3\2\circle_vortex_tracks.csv,D:\full_files\3\2\circle_pressure_map.csv
full,cylinder,3,3,0,146.0,80.0,204,393,190,D:\full_files\3\3\circle_vortex_tracks.csv,D:\full_files\3\3\circle_pressure_map.csv
full,cylinder,3,3,1,198.0,80.0,136,393,258,D:\full_files\3\3\circle_vortex_tracks.csv,D:\full_files\3\3\circle_pressure_map.csv
full,cylinder,3,4,0,146.0,80.0,131,269,139,D:\full_files\3\4\circle_vortex_tracks.csv,D:\full_files\3\4\circle_pressure_map.csv
full,cylinder,3,4,1,198.0,80.0,230,269,40,D:\full_files\3\4\circle_vortex_tracks.csv,D:\full_files\3\4\circle_pressure_map.csv
full,cylinder,3,5,0,146.0,80.0,112,251,140,D:\full_files\3\5\circle_vortex_tracks.csv,D:\full_files\3\5\circle_pressure_map.csv
full,cylinder,3,5,1,198.0,80.0,78,78,1,D:\full_files\3\5\circle_vortex_tracks.csv,D:\full_files\3\5\circle_pressure_map.csv
full,cylinder,3,5,1,198.0,80.0,80,189,110,D:\full_files\3\5\circle_vortex_tracks.csv,D:\full_files\3\5\circle_pressure_map.csv
full,cylinder,3,6,0,146.0,80.0,109,220,112,D:\full_files\3\6\circle_vortex_tracks.csv,D:\full_files\3\6\circle_pressure_map.csv
full,cylinder,3,6,1,198.0,80.0,187,220,34,D:\full_files\3\6\circle_vortex_tracks.csv,D:\full_files\3\6\circle_pressure_map.csv
full,cylinder,3,7,0,146.0,80.0,192,339,148,D:\full_files\3\7\circle_vortex_tracks.csv,D:\full_files\3\7\circle_pressure_map.csv
full,cylinder,3,7,1,198.0,80.0,88,339,252,D:\full_files\3\7\circle_vortex_tracks.csv,D:\full_files\3\7\circle_pressure_map.csv
full,cylinder,3,8,0,146.0,80.0,61,63,3,D:\full_files\3\8\circle_vortex_tracks.csv,D:\full_files\3\8\circle_pressure_map.csv
full,cylinder,3,8,0,146.0,80.0,65,65,1,D:\full_files\3\8\circle_vortex_tracks.csv,D:\full_files\3\8\circle_pressure_map.csv
full,cylinder,3,8,0,146.0,80.0,68,95,28,D:\full_files\3\8\circle_vortex_tracks.csv,D:\full_files\3\8\circle_pressure_map.csv
full,cylinder,3,8,0,146.0,80.0,99,214,116,D:\full_files\3\8\circle_vortex_tracks.csv,D:\full_files\3\8\circle_pressure_map.csv
full,cylinder,3,8,1,198.0,80.0,138,138,1,D:\full_files\3\8\circle_vortex_tracks.csv,D:\full_files\3\8\circle_pressure_map.csv
full,cylinder,3,8,1,198.0,80.0,144,164,21,D:\full_files\3\8\circle_vortex_tracks.csv,D:\full_files\3\8\circle_pressure_map.csv
full,cylinder,3,8,1,198.0,80.0,166,193,28,D:\full_files\3\8\circle_vortex_tracks.csv,D:\full_files\3\8\circle_pressure_map.csv
full,cylinder,3,8,1,198.0,80.0,198,214,17,D:\full_files\3\8\circle_vortex_tracks.csv,D:\full_files\3\8\circle_pressure_map.csv
full,cylinder,3,9,0,146.0,80.0,132,219,88,D:\full_files\3\9\circle_vortex_tracks.csv,D:\full_files\3\9\circle_pressure_map.csv
full,cylinder,3,9,1,198.0,80.0,89,89,1,D:\full_files\3\9\circle_vortex_tracks.csv,D:\full_files\3\9\circle_pressure_map.csv
full,cylinder,3,9,1,198.0,80.0,91,197,107,D:\full_files\3\9\circle_vortex_tracks.csv,D:\full_files\3\9\circle_pressure_map.csv
full,cylinder,3,9,1,198.0,80.0,199,201,3,D:\full_files\3\9\circle_vortex_tracks.csv,D:\full_files\3\9\circle_pressure_map.csv
full,cylinder,3,9,1,198.0,80.0,205,207,3,D:\full_files\3\9\circle_vortex_tracks.csv,D:\full_files\3\9\circle_pressure_map.csv
full,cylinder,3,9,1,198.0,80.0,212,213,2,D:\full_files\3\9\circle_vortex_tracks.csv,D:\full_files\3\9\circle_pressure_map.csv
full,cylinder,3,10,0,146.0,80.0,62,62,1,D:\full_files\3\10\circle_vortex_tracks.csv,D:\full_files\3\10\circle_pressure_map.csv
full,cylinder,3,10,0,146.0,80.0,65,72,8,D:\full_files\3\10\circle_vortex_tracks.csv,D:\full_files\3\10\circle_pressure_map.csv
full,cylinder,3,10,0,146.0,80.0,78,113,36,D:\full_files\3\10\circle_vortex_tracks.csv,D:\full_files\3\10\circle_pressure_map.csv
full,cylinder,3,10,0,146.0,80.0,115,116,2,D:\full_files\3\10\circle_vortex_tracks.csv,D:\full_files\3\10\circle_pressure_map.csv
full,cylinder,3,10,0,146.0,80.0,120,217,98,D:\full_files\3\10\circle_vortex_tracks.csv,D:\full_files\3\10\circle_pressure_map.csv
full,cylinder,3,10,1,198.0,80.0,132,132,1,D:\full_files\3\10\circle_vortex_tracks.csv,D:\full_files\3\10\circle_pressure_map.csv
full,cylinder,3,10,1,198.0,80.0,137,145,9,D:\full_files\3\10\circle_vortex_tracks.csv,D:\full_files\3\10\circle_pressure_map.csv
full,cylinder,3,10,1,198.0,80.0,150,160,11,D:\full_files\3\10\circle_vortex_tracks.csv,D:\full_files\3\10\circle_pressure_map.csv
full,cylinder,3,10,1,198.0,80.0,162,169,8,D:\full_files\3\10\circle_vortex_tracks.csv,D:\full_files\3\10\circle_pressure_map.csv
full,cylinder,3,10,1,198.0,80.0,180,217,38,D:\full_files\3\10\circle_vortex_tracks.csv,D:\full_files\3\10\circle_pressure_map.csv
full,cylinder,3,11,0,146.0,80.0,114,237,124,D:\full_files\3\11\circle_vortex_tracks.csv,D:\full_files\3\11\circle_pressure_map.csv
full,cylinder,3,11,1,198.0,80.0,67,237,171,D:\full_files\3\11\circle_vortex_tracks.csv,D:\full_files\3\11\circle_pressure_map.csv
full,cylinder,3,12,0,146.0,80.0,68,69,2,D:\full_files\3\12\circle_vortex_tracks.csv,D:\full_files\3\12\circle_pressure_map.csv
full,cylinder,3,12,0,146.0,80.0,74,74,1,D:\full_files\3\12\circle_vortex_tracks.csv,D:\full_files\3\12\circle_pressure_map.csv
full,cylinder,3,12,0,146.0,80.0,87,97,11,D:\full_files\3\12\circle_vortex_tracks.csv,D:\full_files\3\12\circle_pressure_map.csv
full,cylinder,3,12,0,146.0,80.0,104,111,8,D:\full_files\3\12\circle_vortex_tracks.csv,D:\full_files\3\12\circle_pressure_map.csv
full,cylinder,3,12,0,146.0,80.0,117,125,9,D:\full_files\3\12\circle_vortex_tracks.csv,D:\full_files\3\12\circle_pressure_map.csv
full,cylinder,3,12,0,146.0,80.0,135,222,88,D:\full_files\3\12\circle_vortex_tracks.csv,D:\full_files\3\12\circle_pressure_map.csv
full,cylinder,3,12,1,198.0,80.0,142,153,12,D:\full_files\3\12\circle_vortex_tracks.csv,D:\full_files\3\12\circle_pressure_map.csv
full,cylinder,3,12,1,198.0,80.0,169,181,13,D:\full_files\3\12\circle_vortex_tracks.csv,D:\full_files\3\12\circle_pressure_map.csv
full,cylinder,3,12,1,198.0,80.0,197,222,26,D:\full_files\3\12\circle_vortex_tracks.csv,D:\full_files\3\12\circle_pressure_map.csv
full,cylinder,3,13,0,146.0,80.0,187,316,130,D:\full_files\3\13\circle_vortex_tracks.csv,D:\full_files\3\13\circle_pressure_map.csv
full,cylinder,3,13,1,198.0,80.0,115,316,202,D:\full_files\3\13\circle_vortex_tracks.csv,D:\full_files\3\13\circle_pressure_map.csv
full,cylinder,3,13,2,200.0,39.0,250,297,48,D:\full_files\3\13\circle_vortex_tracks.csv,D:\full_files\3\13\circle_pressure_map.csv
full,cylinder,3,13,2,200.0,39.0,305,314,10,D:\full_files\3\13\circle_vortex_tracks.csv,D:\full_files\3\13\circle_pressure_map.csv
full,cylinder,3,14,0,146.0,80.0,89,89,1,D:\full_files\3\14\circle_vortex_tracks.csv,D:\full_files\3\14\circle_pressure_map.csv
full,cylinder,3,14,0,146.0,80.0,93,275,183,D:\full_files\3\14\circle_vortex_tracks.csv,D:\full_files\3\14\circle_pressure_map.csv
full,cylinder,3,14,1,198.0,80.0,160,160,1,D:\full_files\3\14\circle_vortex_tracks.csv,D:\full_files\3\14\circle_pressure_map.csv
full,cylinder,3,14,1,198.0,80.0,162,167,6,D:\full_files\3\14\circle_vortex_tracks.csv,D:\full_files\3\14\circle_pressure_map.csv
full,cylinder,3,14,1,198.0,80.0,169,216,48,D:\full_files\3\14\circle_vortex_tracks.csv,D:\full_files\3\14\circle_pressure_map.csv
full,cylinder,3,14,1,198.0,80.0,218,218,1,D:\full_files\3\14\circle_vortex_tracks.csv,D:\full_files\3\14\circle_pressure_map.csv
full,cylinder,3,14,1,198.0,80.0,223,228,6,D:\full_files\3\14\circle_vortex_tracks.csv,D:\full_files\3\14\circle_pressure_map.csv
full,cylinder,3,14,1,198.0,80.0,232,232,1,D:\full_files\3\14\circle_vortex_tracks.csv,D:\full_files\3\14\circle_pressure_map.csv
full,cylinder,3,14,1,198.0,80.0,234,275,42,D:\full_files\3\14\circle_vortex_tracks.csv,D:\full_files\3\14\circle_pressure_map.csv
full,cylinder,3,16,0,146.0,80.0,65,65,1,D:\full_files\3\16\circle_vortex_tracks.csv,D:\full_files\3\16\circle_pressure_map.csv
full,cylinder,3,16,0,146.0,80.0,70,205,136,D:\full_files\3\16\circle_vortex_tracks.csv,D:\full_files\3\16\circle_pressure_map.csv
full,cylinder,3,16,1,198.0,80.0,122,123,2,D:\full_files\3\16\circle_vortex_tracks.csv,D:\full_files\3\16\circle_pressure_map.csv
full,cylinder,3,16,1,198.0,80.0,127,131,5,D:\full_files\3\16\circle_vortex_tracks.csv,D:\full_files\3\16\circle_pressure_map.csv
full,cylinder,3,16,1,198.0,80.0,134,149,16,D:\full_files\3\16\circle_vortex_tracks.csv,D:\full_files\3\16\circle_pressure_map.csv
full,cylinder,3,16,1,198.0,80.0,152,205,54,D:\full_files\3\16\circle_vortex_tracks.csv,D:\full_files\3\16\circle_pressure_map.csv
full,cylinder,3,18,0,146.0,80.0,65,65,1,D:\full_files\3\18\circle_vortex_tracks.csv,D:\full_files\3\18\circle_pressure_map.csv
full,cylinder,3,18,0,146.0,80.0,78,92,15,D:\full_files\3\18\circle_vortex_tracks.csv,D:\full_files\3\18\circle_pressure_map.csv
full,cylinder,3,18,0,146.0,80.0,118,191,74,D:\full_files\3\18\circle_vortex_tracks.csv,D:\full_files\3\18\circle_pressure_map.csv
full,cylinder,3,18,1,198.0,80.0,132,133,2,D:\full_files\3\18\circle_vortex_tracks.csv,D:\full_files\3\18\circle_pressure_map.csv
full,cylinder,6,2,0,146.0,80.0,113,224,112,D:\full_files\6\2\circle_vortex_tracks.csv,D:\full_files\6\2\circle_pressure_map.csv
full,cylinder,6,2,1,198.0,80.0,216,224,9,D:\full_files\6\2\circle_vortex_tracks.csv,D:\full_files\6\2\circle_pressure_map.csv
full,cylinder,6,3,0,146.0,80.0,145,234,90,D:\full_files\6\3\circle_vortex_tracks.csv,D:\full_files\6\3\circle_pressure_map.csv
full,cylinder,6,3,2,200.0,39.0,100,101,2,D:\full_files\6\3\circle_vortex_tracks.csv,D:\full_files\6\3\circle_pressure_map.csv
full,cylinder,6,3,2,200.0,39.0,111,234,124,D:\full_files\6\3\circle_vortex_tracks.csv,D:\full_files\6\3\circle_pressure_map.csv
full,cylinder,6,4,0,146.0,80.0,113,295,183,D:\full_files\6\4\circle_vortex_tracks.csv,D:\full_files\6\4\circle_pressure_map.csv
full,cylinder,6,4,1,198.0,80.0,249,295,47,D:\full_files\6\4\circle_vortex_tracks.csv,D:\full_files\6\4\circle_pressure_map.csv
full,cylinder,6,5,0,146.0,80.0,246,358,113,D:\full_files\6\5\circle_vortex_tracks.csv,D:\full_files\6\5\circle_pressure_map.csv
full,cylinder,6,5,2,200.0,39.0,74,76,3,D:\full_files\6\5\circle_vortex_tracks.csv,D:\full_files\6\5\circle_pressure_map.csv
full,cylinder,6,5,2,200.0,39.0,78,358,281,D:\full_files\6\5\circle_vortex_tracks.csv,D:\full_files\6\5\circle_pressure_map.csv
full,cylinder,6,6,0,146.0,80.0,83,86,4,D:\full_files\6\6\circle_vortex_tracks.csv,D:\full_files\6\6\circle_pressure_map.csv
full,cylinder,6,6,0,146.0,80.0,93,95,3,D:\full_files\6\6\circle_vortex_tracks.csv,D:\full_files\6\6\circle_pressure_map.csv
full,cylinder,6,6,0,146.0,80.0,97,97,1,D:\full_files\6\6\circle_vortex_tracks.csv,D:\full_files\6\6\circle_pressure_map.csv
full,cylinder,6,6,0,146.0,80.0,104,105,2,D:\full_files\6\6\circle_vortex_tracks.csv,D:\full_files\6\6\circle_pressure_map.csv
full,cylinder,6,6,0,146.0,80.0,107,113,7,D:\full_files\6\6\circle_vortex_tracks.csv,D:\full_files\6\6\circle_pressure_map.csv
full,cylinder,6,6,0,146.0,80.0,123,123,1,D:\full_files\6\6\circle_vortex_tracks.csv,D:\full_files\6\6\circle_pressure_map.csv
full,cylinder,6,6,0,146.0,80.0,125,144,20,D:\full_files\6\6\circle_vortex_tracks.csv,D:\full_files\6\6\circle_pressure_map.csv
full,cylinder,6,6,0,146.0,80.0,149,282,134,D:\full_files\6\6\circle_vortex_tracks.csv,D:\full_files\6\6\circle_pressure_map.csv
full,cylinder,6,6,1,198.0,80.0,191,204,14,D:\full_files\6\6\circle_vortex_tracks.csv,D:\full_files\6\6\circle_pressure_map.csv
full,cylinder,6,6,1,198.0,80.0,206,223,18,D:\full_files\6\6\circle_vortex_tracks.csv,D:\full_files\6\6\circle_pressure_map.csv
full,cylinder,6,6,1,198.0,80.0,229,282,54,D:\full_files\6\6\circle_vortex_tracks.csv,D:\full_files\6\6\circle_pressure_map.csv
full,cylinder,6,8,0,146.0,80.0,290,478,189,D:\full_files\6\8\circle_vortex_tracks.csv,D:\full_files\6\8\circle_pressure_map.csv
full,cylinder,6,8,2,200.0,39.0,104,105,2,D:\full_files\6\8\circle_vortex_tracks.csv,D:\full_files\6\8\circle_pressure_map.csv
full,cylinder,6,8,2,200.0,39.0,107,108,2,D:\full_files\6\8\circle_vortex_tracks.csv,D:\full_files\6\8\circle_pressure_map.csv
full,cylinder,6,8,2,200.0,39.0,135,476,342,D:\full_files\6\8\circle_vortex_tracks.csv,D:\full_files\6\8\circle_pressure_map.csv
full,cylinder,6,9,0,146.0,80.0,180,299,120,D:\full_files\6\9\circle_vortex_tracks.csv,D:\full_files\6\9\circle_pressure_map.csv
full,cylinder,6,9,2,200.0,39.0,80,80,1,D:\full_files\6\9\circle_vortex_tracks.csv,D:\full_files\6\9\circle_pressure_map.csv
full,cylinder,6,9,2,200.0,39.0,82,280,199,D:\full_files\6\9\circle_vortex_tracks.csv,D:\full_files\6\9\circle_pressure_map.csv
full,cylinder,6,10,0,146.0,80.0,130,326,197,D:\full_files\6\10\circle_vortex_tracks.csv,D:\full_files\6\10\circle_pressure_map.csv
full,cylinder,6,10,1,198.0,80.0,223,326,104,D:\full_files\6\10\circle_vortex_tracks.csv,D:\full_files\6\10\circle_pressure_map.csv
full,cylinder,6,11,0,146.0,80.0,308,494,187,D:\full_files\6\11\circle_vortex_tracks.csv,D:\full_files\6\11\circle_pressure_map.csv
full,cylinder,6,11,1,198.0,80.0,275,477,203,D:\full_files\6\11\circle_vortex_tracks.csv,D:\full_files\6\11\circle_pressure_map.csv
full,cylinder,6,11,2,200.0,39.0,128,128,1,D:\full_files\6\11\circle_vortex_tracks.csv,D:\full_files\6\11\circle_pressure_map.csv
full,cylinder,6,11,2,200.0,39.0,130,494,365,D:\full_files\6\11\circle_vortex_tracks.csv,D:\full_files\6\11\circle_pressure_map.csv
full,cylinder,6,12,0,146.0,80.0,208,214,7,D:\full_files\6\12\circle_vortex_tracks.csv,D:\full_files\6\12\circle_pressure_map.csv
full,cylinder,6,12,0,146.0,80.0,225,268,44,D:\full_files\6\12\circle_vortex_tracks.csv,D:\full_files\6\12\circle_pressure_map.csv
full,cylinder,6,12,2,200.0,39.0,61,340,280,D:\full_files\6\12\circle_vortex_tracks.csv,D:\full_files\6\12\circle_pressure_map.csv
full,cylinder,6,13,0,146.0,80.0,92,103,12,D:\full_files\6\13\circle_vortex_tracks.csv,D:\full_files\6\13\circle_pressure_map.csv
full,cylinder,6,13,0,146.0,80.0,106,113,8,D:\full_files\6\13\circle_vortex_tracks.csv,D:\full_files\6\13\circle_pressure_map.csv
full,cylinder,6,13,0,146.0,80.0,116,119,4,D:\full_files\6\13\circle_vortex_tracks.csv,D:\full_files\6\13\circle_pressure_map.csv
full,cylinder,6,13,0,146.0,80.0,121,121,1,D:\full_files\6\13\circle_vortex_tracks.csv,D:\full_files\6\13\circle_pressure_map.csv
full,cylinder,6,13,0,146.0,80.0,136,155,20,D:\full_files\6\13\circle_vortex_tracks.csv,D:\full_files\6\13\circle_pressure_map.csv
full,cylinder,6,13,0,146.0,80.0,162,164,3,D:\full_files\6\13\circle_vortex_tracks.csv,D:\full_files\6\13\circle_pressure_map.csv
full,cylinder,6,13,0,146.0,80.0,169,272,104,D:\full_files\6\13\circle_vortex_tracks.csv,D:\full_files\6\13\circle_pressure_map.csv
full,cylinder,6,13,1,198.0,80.0,191,198,8,D:\full_files\6\13\circle_vortex_tracks.csv,D:\full_files\6\13\circle_pressure_map.csv
full,cylinder,6,13,1,198.0,80.0,205,206,2,D:\full_files\6\13\circle_vortex_tracks.csv,D:\full_files\6\13\circle_pressure_map.csv
full,cylinder,6,13,1,198.0,80.0,209,211,3,D:\full_files\6\13\circle_vortex_tracks.csv,D:\full_files\6\13\circle_pressure_map.csv
full,cylinder,6,13,1,198.0,80.0,230,232,3,D:\full_files\6\13\circle_vortex_tracks.csv,D:\full_files\6\13\circle_pressure_map.csv
full,cylinder,6,13,1,198.0,80.0,245,260,16,D:\full_files\6\13\circle_vortex_tracks.csv,D:\full_files\6\13\circle_pressure_map.csv
full,cylinder,6,13,1,198.0,80.0,265,272,8,D:\full_files\6\13\circle_vortex_tracks.csv,D:\full_files\6\13\circle_pressure_map.csv
full,cylinder,6,16,0,146.0,80.0,112,244,133,D:\full_files\6\16\circle_vortex_tracks.csv,D:\full_files\6\16\circle_pressure_map.csv
full,cylinder,6,16,1,198.0,80.0,212,244,33,D:\full_files\6\16\circle_vortex_tracks.csv,D:\full_files\6\16\circle_pressure_map.csv
full,cylinder,6,18,0,146.0,80.0,117,117,1,D:\full_files\6\18\circle_vortex_tracks.csv,D:\full_files\6\18\circle_pressure_map.csv
full,cylinder,6,18,0,146.0,80.0,120,120,1,D:\full_files\6\18\circle_vortex_tracks.csv,D:\full_files\6\18\circle_pressure_map.csv
full,cylinder,6,18,0,146.0,80.0,122,227,106,D:\full_files\6\18\circle_vortex_tracks.csv,D:\full_files\6\18\circle_pressure_map.csv
full,cylinder,6,18,1,198.0,80.0,222,227,6,D:\full_files\6\18\circle_vortex_tracks.csv,D:\full_files\6\18\circle_pressure_map.csv
full,cylinder,7,2,0,146.0,80.0,266,474,209,D:\full_files\7\2\circle_vortex_tracks.csv,D:\full_files\7\2\circle_pressure_map.csv
full,cylinder,7,2,0,146.0,80.0,482,483,2,D:\full_files\7\2\circle_vortex_tracks.csv,D:\full_files\7\2\circle_pressure_map.csv
full,cylinder,7,2,1,198.0,80.0,419,496,78,D:\full_files\7\2\circle_vortex_tracks.csv,D:\full_files\7\2\circle_pressure_map.csv
full,cylinder,7,3,0,146.0,80.0,242,407,166,D:\full_files\7\3\circle_vortex_tracks.csv,D:\full_files\7\3\circle_pressure_map.csv
full,cylinder,7,3,1,198.0,80.0,163,407,245,D:\full_files\7\3\circle_vortex_tracks.csv,D:\full_files\7\3\circle_pressure_map.csv
full,cylinder,8,3,0,146.0,80.0,260,312,53,D:\full_files\8\3\circle_vortex_tracks.csv,D:\full_files\8\3\circle_pressure_map.csv
full,cylinder,8,3,0,146.0,80.0,318,338,21,D:\full_files\8\3\circle_vortex_tracks.csv,D:\full_files\8\3\circle_pressure_map.csv
full,cylinder,8,3,2,200.0,39.0,116,198,83,D:\full_files\8\3\circle_vortex_tracks.csv,D:\full_files\8\3\circle_pressure_map.csv
full,cylinder,8,3,2,200.0,39.0,202,207,6,D:\full_files\8\3\circle_vortex_tracks.csv,D:\full_files\8\3\circle_pressure_map.csv
full,cylinder,8,3,2,200.0,39.0,214,217,4,D:\full_files\8\3\circle_vortex_tracks.csv,D:\full_files\8\3\circle_pressure_map.csv
full,cylinder,8,4,0,146.0,80.0,210,210,1,D:\full_files\8\4\circle_vortex_tracks.csv,D:\full_files\8\4\circle_pressure_map.csv
full,cylinder,8,4,0,146.0,80.0,212,391,180,D:\full_files\8\4\circle_vortex_tracks.csv,D:\full_files\8\4\circle_pressure_map.csv
full,cylinder,8,4,1,198.0,80.0,123,391,269,D:\full_files\8\4\circle_vortex_tracks.csv,D:\full_files\8\4\circle_pressure_map.csv
full,cylinder,8,5,0,146.0,80.0,267,289,23,D:\full_files\8\5\circle_vortex_tracks.csv,D:\full_files\8\5\circle_pressure_map.csv
full,cylinder,8,5,0,146.0,80.0,292,416,125,D:\full_files\8\5\circle_vortex_tracks.csv,D:\full_files\8\5\circle_pressure_map.csv
full,cylinder,8,5,0,146.0,80.0,418,418,1,D:\full_files\8\5\circle_vortex_tracks.csv,D:\full_files\8\5\circle_pressure_map.csv
full,cylinder,8,5,0,146.0,80.0,430,552,123,D:\full_files\8\5\circle_vortex_tracks.csv,D:\full_files\8\5\circle_pressure_map.csv
full,cylinder,8,5,2,200.0,39.0,477,552,76,D:\full_files\8\5\circle_vortex_tracks.csv,D:\full_files\8\5\circle_pressure_map.csv
full,cylinder,8,6,0,146.0,80.0,301,394,94,D:\full_files\8\6\circle_vortex_tracks.csv,D:\full_files\8\6\circle_pressure_map.csv
full,cylinder,8,6,0,146.0,80.0,430,524,95,D:\full_files\8\6\circle_vortex_tracks.csv,D:\full_files\8\6\circle_pressure_map.csv
full,cylinder,8,6,1,198.0,80.0,377,509,133,D:\full_files\8\6\circle_vortex_tracks.csv,D:\full_files\8\6\circle_pressure_map.csv
full,cylinder,8,6,1,198.0,80.0,516,518,3,D:\full_files\8\6\circle_vortex_tracks.csv,D:\full_files\8\6\circle_pressure_map.csv
full,cylinder,8,6,2,200.0,39.0,122,520,399,D:\full_files\8\6\circle_vortex_tracks.csv,D:\full_files\8\6\circle_pressure_map.csv
full,cylinder,8,6,2,200.0,39.0,524,524,1,D:\full_files\8\6\circle_vortex_tracks.csv,D:\full_files\8\6\circle_pressure_map.csv
full,cylinder,8,7,0,146.0,80.0,235,321,87,D:\full_files\8\7\circle_vortex_tracks.csv,D:\full_files\8\7\circle_pressure_map.csv
full,cylinder,8,7,1,198.0,80.0,314,345,32,D:\full_files\8\7\circle_vortex_tracks.csv,D:\full_files\8\7\circle_pressure_map.csv
full,cylinder,8,7,2,200.0,39.0,91,345,255,D:\full_files\8\7\circle_vortex_tracks.csv,D:\full_files\8\7\circle_pressure_map.csv
full,cylinder,8,8,0,146.0,80.0,389,520,132,D:\full_files\8\8\circle_vortex_tracks.csv,D:\full_files\8\8\circle_pressure_map.csv
full,cylinder,8,8,2,200.0,39.0,420,520,101,D:\full_files\8\8\circle_vortex_tracks.csv,D:\full_files\8\8\circle_pressure_map.csv
full,cylinder,8,9,0,146.0,80.0,382,384,3,D:\full_files\8\9\circle_vortex_tracks.csv,D:\full_files\8\9\circle_pressure_map.csv
full,cylinder,8,9,0,146.0,80.0,401,405,5,D:\full_files\8\9\circle_vortex_tracks.csv,D:\full_files\8\9\circle_pressure_map.csv
full,cylinder,8,9,1,198.0,80.0,346,405,60,D:\full_files\8\9\circle_vortex_tracks.csv,D:\full_files\8\9\circle_pressure_map.csv
full,cylinder,8,9,2,200.0,39.0,154,371,218,D:\full_files\8\9\circle_vortex_tracks.csv,D:\full_files\8\9\circle_pressure_map.csv
full,cylinder,8,10,0,146.0,80.0,191,291,101,D:\full_files\8\10\circle_vortex_tracks.csv,D:\full_files\8\10\circle_pressure_map.csv
full,cylinder,8,10,0,146.0,80.0,297,617,321,D:\full_files\8\10\circle_vortex_tracks.csv,D:\full_files\8\10\circle_pressure_map.csv
full,cylinder,8,10,1,198.0,80.0,335,351,17,D:\full_files\8\10\circle_vortex_tracks.csv,D:\full_files\8\10\circle_pressure_map.csv
full,cylinder,8,10,1,198.0,80.0,360,366,7,D:\full_files\8\10\circle_vortex_tracks.csv,D:\full_files\8\10\circle_pressure_map.csv
full,cylinder,8,10,1,198.0,80.0,376,376,1,D:\full_files\8\10\circle_vortex_tracks.csv,D:\full_files\8\10\circle_pressure_map.csv
full,cylinder,8,10,1,198.0,80.0,495,617,123,D:\full_files\8\10\circle_vortex_tracks.csv,D:\full_files\8\10\circle_pressure_map.csv
full,cylinder,8,10,2,200.0,39.0,536,617,82,D:\full_files\8\10\circle_vortex_tracks.csv,D:\full_files\8\10\circle_pressure_map.csv
full,cylinder,8,11,1,198.0,80.0,289,403,115,D:\full_files\8\11\circle_vortex_tracks.csv,D:\full_files\8\11\circle_pressure_map.csv
full,cylinder,8,11,2,200.0,39.0,139,459,321,D:\full_files\8\11\circle_vortex_tracks.csv,D:\full_files\8\11\circle_pressure_map.csv
full,cylinder,9,3,0,146.0,80.0,76,85,10,D:\full_files\9\3\circle_vortex_tracks.csv,D:\full_files\9\3\circle_pressure_map.csv
full,cylinder,9,3,0,146.0,80.0,90,120,31,D:\full_files\9\3\circle_vortex_tracks.csv,D:\full_files\9\3\circle_pressure_map.csv
full,cylinder,9,3,0,146.0,80.0,200,207,8,D:\full_files\9\3\circle_vortex_tracks.csv,D:\full_files\9\3\circle_pressure_map.csv
full,cylinder,9,3,0,146.0,80.0,214,378,165,D:\full_files\9\3\circle_vortex_tracks.csv,D:\full_files\9\3\circle_pressure_map.csv
full,cylinder,9,3,1,198.0,80.0,249,251,3,D:\full_files\9\3\circle_vortex_tracks.csv,D:\full_files\9\3\circle_pressure_map.csv
full,cylinder,9,3,1,198.0,80.0,300,300,1,D:\full_files\9\3\circle_vortex_tracks.csv,D:\full_files\9\3\circle_pressure_map.csv
full,cylinder,9,3,1,198.0,80.0,305,305,1,D:\full_files\9\3\circle_vortex_tracks.csv,D:\full_files\9\3\circle_pressure_map.csv
full,cylinder,9,3,1,198.0,80.0,314,314,1,D:\full_files\9\3\circle_vortex_tracks.csv,D:\full_files\9\3\circle_pressure_map.csv
full,cylinder,9,3,1,198.0,80.0,316,316,1,D:\full_files\9\3\circle_vortex_tracks.csv,D:\full_files\9\3\circle_pressure_map.csv
full,cylinder,9,3,1,198.0,80.0,318,319,2,D:\full_files\9\3\circle_vortex_tracks.csv,D:\full_files\9\3\circle_pressure_map.csv
full,cylinder,9,3,1,198.0,80.0,324,344,21,D:\full_files\9\3\circle_vortex_tracks.csv,D:\full_files\9\3\circle_pressure_map.csv
full,cylinder,9,3,1,198.0,80.0,353,363,11,D:\full_files\9\3\circle_vortex_tracks.csv,D:\full_files\9\3\circle_pressure_map.csv
full,cylinder,9,4,0,146.0,80.0,201,443,243,D:\full_files\9\4\circle_vortex_tracks.csv,D:\full_files\9\4\circle_pressure_map.csv
full,cylinder,9,4,1,198.0,80.0,73,75,3,D:\full_files\9\4\circle_vortex_tracks.csv,D:\full_files\9\4\circle_pressure_map.csv
full,cylinder,9,4,1,198.0,80.0,106,443,338,D:\full_files\9\4\circle_vortex_tracks.csv,D:\full_files\9\4\circle_pressure_map.csv
full,cylinder,9,4,2,200.0,39.0,67,68,2,D:\full_files\9\4\circle_vortex_tracks.csv,D:\full_files\9\4\circle_pressure_map.csv
full,cylinder,9,4,2,200.0,39.0,72,123,52,D:\full_files\9\4\circle_vortex_tracks.csv,D:\full_files\9\4\circle_pressure_map.csv
full,cylinder,9,5,0,146.0,80.0,97,99,3,D:\full_files\9\5\circle_vortex_tracks.csv,D:\full_files\9\5\circle_pressure_map.csv
full,cylinder,9,5,0,146.0,80.0,101,101,1,D:\full_files\9\5\circle_vortex_tracks.csv,D:\full_files\9\5\circle_pressure_map.csv
full,cylinder,9,5,0,146.0,80.0,107,107,1,D:\full_files\9\5\circle_vortex_tracks.csv,D:\full_files\9\5\circle_pressure_map.csv
full,cylinder,9,5,0,146.0,80.0,109,116,8,D:\full_files\9\5\circle_vortex_tracks.csv,D:\full_files\9\5\circle_pressure_map.csv
full,cylinder,9,5,0,146.0,80.0,118,118,1,D:\full_files\9\5\circle_vortex_tracks.csv,D:\full_files\9\5\circle_pressure_map.csv
full,cylinder,9,5,0,146.0,80.0,134,137,4,D:\full_files\9\5\circle_vortex_tracks.csv,D:\full_files\9\5\circle_pressure_map.csv
full,cylinder,9,5,0,146.0,80.0,139,139,1,D:\full_files\9\5\circle_vortex_tracks.csv,D:\full_files\9\5\circle_pressure_map.csv
full,cylinder,9,5,0,146.0,80.0,141,143,3,D:\full_files\9\5\circle_vortex_tracks.csv,D:\full_files\9\5\circle_pressure_map.csv
full,cylinder,9,5,0,146.0,80.0,151,151,1,D:\full_files\9\5\circle_vortex_tracks.csv,D:\full_files\9\5\circle_pressure_map.csv
full,cylinder,9,5,0,146.0,80.0,153,153,1,D:\full_files\9\5\circle_vortex_tracks.csv,D:\full_files\9\5\circle_pressure_map.csv
full,cylinder,9,5,0,146.0,80.0,166,310,145,D:\full_files\9\5\circle_vortex_tracks.csv,D:\full_files\9\5\circle_pressure_map.csv
full,cylinder,9,5,1,198.0,80.0,187,195,9,D:\full_files\9\5\circle_vortex_tracks.csv,D:\full_files\9\5\circle_pressure_map.csv
full,cylinder,9,5,1,198.0,80.0,197,212,16,D:\full_files\9\5\circle_vortex_tracks.csv,D:\full_files\9\5\circle_pressure_map.csv
full,cylinder,9,5,1,198.0,80.0,281,293,13,D:\full_files\9\5\circle_vortex_tracks.csv,D:\full_files\9\5\circle_pressure_map.csv
full,cylinder,9,5,1,198.0,80.0,299,310,12,D:\full_files\9\5\circle_vortex_tracks.csv,D:\full_files\9\5\circle_pressure_map.csv
full,cylinder,9,7,0,146.0,80.0,275,468,194,D:\full_files\9\7\circle_vortex_tracks.csv,D:\full_files\9\7\circle_pressure_map.csv
full,cylinder,9,7,1,198.0,80.0,278,468,191,D:\full_files\9\7\circle_vortex_tracks.csv,D:\full_files\9\7\circle_pressure_map.csv
full,cylinder,9,7,2,200.0,39.0,76,438,363,D:\full_files\9\7\circle_vortex_tracks.csv,D:\full_files\9\7\circle_pressure_map.csv
full,cylinder,9,7,2,200.0,39.0,440,442,3,D:\full_files\9\7\circle_vortex_tracks.csv,D:\full_files\9\7\circle_pressure_map.csv
full,cylinder,9,8,0,146.0,80.0,90,93,4,D:\full_files\9\8\circle_vortex_tracks.csv,D:\full_files\9\8\circle_pressure_map.csv
full,cylinder,9,8,0,146.0,80.0,104,111,8,D:\full_files\9\8\circle_vortex_tracks.csv,D:\full_files\9\8\circle_pressure_map.csv
full,cylinder,9,8,0,146.0,80.0,116,117,2,D:\full_files\9\8\circle_vortex_tracks.csv,D:\full_files\9\8\circle_pressure_map.csv
full,cylinder,9,8,0,146.0,80.0,120,140,21,D:\full_files\9\8\circle_vortex_tracks.csv,D:\full_files\9\8\circle_pressure_map.csv
full,cylinder,9,8,0,146.0,80.0,148,425,278,D:\full_files\9\8\circle_vortex_tracks.csv,D:\full_files\9\8\circle_pressure_map.csv
full,cylinder,9,8,1,198.0,80.0,190,212,23,D:\full_files\9\8\circle_vortex_tracks.csv,D:\full_files\9\8\circle_pressure_map.csv
full,cylinder,9,8,1,198.0,80.0,247,247,1,D:\full_files\9\8\circle_vortex_tracks.csv,D:\full_files\9\8\circle_pressure_map.csv
full,cylinder,9,8,1,198.0,80.0,250,250,1,D:\full_files\9\8\circle_vortex_tracks.csv,D:\full_files\9\8\circle_pressure_map.csv
full,cylinder,9,8,1,198.0,80.0,253,253,1,D:\full_files\9\8\circle_vortex_tracks.csv,D:\full_files\9\8\circle_pressure_map.csv
full,cylinder,9,8,1,198.0,80.0,256,258,3,D:\full_files\9\8\circle_vortex_tracks.csv,D:\full_files\9\8\circle_pressure_map.csv
full,cylinder,9,8,1,198.0,80.0,261,261,1,D:\full_files\9\8\circle_vortex_tracks.csv,D:\full_files\9\8\circle_pressure_map.csv
full,cylinder,9,8,1,198.0,80.0,263,265,3,D:\full_files\9\8\circle_vortex_tracks.csv,D:\full_files\9\8\circle_pressure_map.csv
full,cylinder,9,8,1,198.0,80.0,280,426,147,D:\full_files\9\8\circle_vortex_tracks.csv,D:\full_files\9\8\circle_pressure_map.csv
full,cylinder,9,8,2,200.0,39.0,405,405,1,D:\full_files\9\8\circle_vortex_tracks.csv,D:\full_files\9\8\circle_pressure_map.csv
full,cylinder,9,8,2,200.0,39.0,407,425,19,D:\full_files\9\8\circle_vortex_tracks.csv,D:\full_files\9\8\circle_pressure_map.csv
full,cylinder,9,11,0,146.0,80.0,78,150,73,D:\full_files\9\11\circle_vortex_tracks.csv,D:\full_files\9\11\circle_pressure_map.csv
full,cylinder,9,11,0,146.0,80.0,152,152,1,D:\full_files\9\11\circle_vortex_tracks.csv,D:\full_files\9\11\circle_pressure_map.csv
full,cylinder,9,11,0,146.0,80.0,155,277,123,D:\full_files\9\11\circle_vortex_tracks.csv,D:\full_files\9\11\circle_pressure_map.csv
full,cylinder,9,11,1,198.0,80.0,155,155,1,D:\full_files\9\11\circle_vortex_tracks.csv,D:\full_files\9\11\circle_pressure_map.csv
full,cylinder,9,11,1,198.0,80.0,158,176,19,D:\full_files\9\11\circle_vortex_tracks.csv,D:\full_files\9\11\circle_pressure_map.csv
full,cylinder,9,11,1,198.0,80.0,191,200,10,D:\full_files\9\11\circle_vortex_tracks.csv,D:\full_files\9\11\circle_pressure_map.csv
full,cylinder,9,11,1,198.0,80.0,202,202,1,D:\full_files\9\11\circle_vortex_tracks.csv,D:\full_files\9\11\circle_pressure_map.csv
full,cylinder,9,11,1,198.0,80.0,212,225,14,D:\full_files\9\11\circle_vortex_tracks.csv,D:\full_files\9\11\circle_pressure_map.csv
full,cylinder,9,11,1,198.0,80.0,227,228,2,D:\full_files\9\11\circle_vortex_tracks.csv,D:\full_files\9\11\circle_pressure_map.csv
full,cylinder,9,11,1,198.0,80.0,230,277,48,D:\full_files\9\11\circle_vortex_tracks.csv,D:\full_files\9\11\circle_pressure_map.csv
full,cylinder,9,12,0,146.0,80.0,97,243,147,D:\full_files\9\12\circle_vortex_tracks.csv,D:\full_files\9\12\circle_pressure_map.csv
full,cylinder,9,12,1,198.0,80.0,72,243,172,D:\full_files\9\12\circle_vortex_tracks.csv,D:\full_files\9\12\circle_pressure_map.csv
full,cylinder,10,2,0,146.0,80.0,240,346,107,D:\full_files\10\2\circle_vortex_tracks.csv,D:\full_files\10\2\circle_pressure_map.csv
full,cylinder,10,2,1,198.0,80.0,334,334,1,D:\full_files\10\2\circle_vortex_tracks.csv,D:\full_files\10\2\circle_pressure_map.csv
full,cylinder,10,2,1,198.0,80.0,337,346,10,D:\full_files\10\2\circle_vortex_tracks.csv,D:\full_files\10\2\circle_pressure_map.csv
full,cylinder,10,4,0,146.0,80.0,144,282,139,D:\full_files\10\4\circle_vortex_tracks.csv,D:\full_files\10\4\circle_pressure_map.csv
full,cylinder,10,4,1,198.0,80.0,250,282,33,D:\full_files\10\4\circle_vortex_tracks.csv,D:\full_files\10\4\circle_pressure_map.csv
full,cylinder,10,5,0,146.0,80.0,148,317,170,D:\full_files\10\5\circle_vortex_tracks.csv,D:\full_files\10\5\circle_pressure_map.csv
full,cylinder,10,5,1,198.0,80.0,86,317,232,D:\full_files\10\5\circle_vortex_tracks.csv,D:\full_files\10\5\circle_pressure_map.csv
full,cylinder,10,6,0,146.0,80.0,126,126,1,D:\full_files\10\6\circle_vortex_tracks.csv,D:\full_files\10\6\circle_pressure_map.csv
full,cylinder,10,6,0,146.0,80.0,128,138,11,D:\full_files\10\6\circle_vortex_tracks.csv,D:\full_files\10\6\circle_pressure_map.csv
full,cylinder,10,6,0,146.0,80.0,143,258,116,D:\full_files\10\6\circle_vortex_tracks.csv,D:\full_files\10\6\circle_pressure_map.csv
full,cylinder,10,6,1,198.0,80.0,224,258,35,D:\full_files\10\6\circle_vortex_tracks.csv,D:\full_files\10\6\circle_pressure_map.csv
full,cylinder,10,7,0,146.0,80.0,128,290,163,D:\full_files\10\7\circle_vortex_tracks.csv,D:\full_files\10\7\circle_pressure_map.csv
full,cylinder,10,7,1,198.0,80.0,75,290,216,D:\full_files\10\7\circle_vortex_tracks.csv,D:\full_files\10\7\circle_pressure_map.csv
full,cylinder,10,9,2,200.0,39.0,269,328,60,D:\full_files\10\9\circle_vortex_tracks.csv,D:\full_files\10\9\circle_pressure_map.csv
full,cylinder,10,11,0,146.0,80.0,110,110,1,D:\full_files\10\11\circle_vortex_tracks.csv,D:\full_files\10\11\circle_pressure_map.csv
full,cylinder,10,11,0,146.0,80.0,113,113,1,D:\full_files\10\11\circle_vortex_tracks.csv,D:\full_files\10\11\circle_pressure_map.csv
full,cylinder,10,11,0,146.0,80.0,217,245,29,D:\full_files\10\11\circle_vortex_tracks.csv,D:\full_files\10\11\circle_pressure_map.csv
full,cylinder,10,11,2,200.0,39.0,162,167,6,D:\full_files\10\11\circle_vortex_tracks.csv,D:\full_files\10\11\circle_pressure_map.csv
full,cylinder,10,11,2,200.0,39.0,169,245,77,D:\full_files\10\11\circle_vortex_tracks.csv,D:\full_files\10\11\circle_pressure_map.csv
full,cylinder,10,12,0,146.0,80.0,270,338,69,D:\full_files\10\12\circle_vortex_tracks.csv,D:\full_files\10\12\circle_pressure_map.csv
full,cylinder,10,12,2,200.0,39.0,127,127,1,D:\full_files\10\12\circle_vortex_tracks.csv,D:\full_files\10\12\circle_pressure_map.csv
full,cylinder,10,12,2,200.0,39.0,129,245,117,D:\full_files\10\12\circle_vortex_tracks.csv,D:\full_files\10\12\circle_pressure_map.csv
full,cylinder,11,3,0,146.0,80.0,158,363,206,D:\full_files\11\3\circle_vortex_tracks.csv,D:\full_files\11\3\circle_pressure_map.csv
full,cylinder,11,3,1,198.0,80.0,108,363,256,D:\full_files\11\3\circle_vortex_tracks.csv,D:\full_files\11\3\circle_pressure_map.csv
full,cylinder,11,5,0,146.0,80.0,138,138,1,D:\full_files\11\5\circle_vortex_tracks.csv,D:\full_files\11\5\circle_pressure_map.csv
full,cylinder,11,5,0,146.0,80.0,140,318,179,D:\full_files\11\5\circle_vortex_tracks.csv,D:\full_files\11\5\circle_pressure_map.csv
full,cylinder,11,5,1,198.0,80.0,92,92,1,D:\full_files\11\5\circle_vortex_tracks.csv,D:\full_files\11\5\circle_pressure_map.csv
full,cylinder,11,5,1,198.0,80.0,95,262,168,D:\full_files\11\5\circle_vortex_tracks.csv,D:\full_files\11\5\circle_pressure_map.csv
full,cylinder,11,6,0,146.0,80.0,167,167,1,D:\full_files\11\6\circle_vortex_tracks.csv,D:\full_files\11\6\circle_pressure_map.csv
full,cylinder,11,6,0,146.0,80.0,240,445,206,D:\full_files\11\6\circle_vortex_tracks.csv,D:\full_files\11\6\circle_pressure_map.csv
full,cylinder,11,6,2,200.0,39.0,231,445,215,D:\full_files\11\6\circle_vortex_tracks.csv,D:\full_files\11\6\circle_pressure_map.csv
full,cylinder,11,7,0,146.0,80.0,170,171,2,D:\full_files\11\7\circle_vortex_tracks.csv,D:\full_files\11\7\circle_pressure_map.csv
full,cylinder,11,7,0,146.0,80.0,175,183,9,D:\full_files\11\7\circle_vortex_tracks.csv,D:\full_files\11\7\circle_pressure_map.csv
full,cylinder,11,7,0,146.0,80.0,186,212,27,D:\full_files\11\7\circle_vortex_tracks.csv,D:\full_files\11\7\circle_pressure_map.csv
full,cylinder,11,7,0,146.0,80.0,215,232,18,D:\full_files\11\7\circle_vortex_tracks.csv,D:\full_files\11\7\circle_pressure_map.csv
full,cylinder,11,7,0,146.0,80.0,239,607,369,D:\full_files\11\7\circle_vortex_tracks.csv,D:\full_files\11\7\circle_pressure_map.csv
full,cylinder,11,7,1,198.0,80.0,50,50,1,D:\full_files\11\7\circle_vortex_tracks.csv,D:\full_files\11\7\circle_pressure_map.csv
full,cylinder,11,7,1,198.0,80.0,53,59,7,D:\full_files\11\7\circle_vortex_tracks.csv,D:\full_files\11\7\circle_pressure_map.csv
full,cylinder,11,7,1,198.0,80.0,61,73,13,D:\full_files\11\7\circle_vortex_tracks.csv,D:\full_files\11\7\circle_pressure_map.csv
full,cylinder,11,7,1,198.0,80.0,75,78,4,D:\full_files\11\7\circle_vortex_tracks.csv,D:\full_files\11\7\circle_pressure_map.csv
full,cylinder,11,7,1,198.0,80.0,80,92,13,D:\full_files\11\7\circle_vortex_tracks.csv,D:\full_files\11\7\circle_pressure_map.csv
full,cylinder,11,7,1,198.0,80.0,107,109,3,D:\full_files\11\7\circle_vortex_tracks.csv,D:\full_files\11\7\circle_pressure_map.csv
full,cylinder,11,7,1,198.0,80.0,111,111,1,D:\full_files\11\7\circle_vortex_tracks.csv,D:\full_files\11\7\circle_pressure_map.csv
full,cylinder,11,7,1,198.0,80.0,113,113,1,D:\full_files\11\7\circle_vortex_tracks.csv,D:\full_files\11\7\circle_pressure_map.csv
full,cylinder,11,7,1,198.0,80.0,115,118,4,D:\full_files\11\7\circle_vortex_tracks.csv,D:\full_files\11\7\circle_pressure_map.csv
full,cylinder,11,7,1,198.0,80.0,120,120,1,D:\full_files\11\7\circle_vortex_tracks.csv,D:\full_files\11\7\circle_pressure_map.csv
full,cylinder,11,7,1,198.0,80.0,123,124,2,D:\full_files\11\7\circle_vortex_tracks.csv,D:\full_files\11\7\circle_pressure_map.csv
full,cylinder,11,7,1,198.0,80.0,137,148,12,D:\full_files\11\7\circle_vortex_tracks.csv,D:\full_files\11\7\circle_pressure_map.csv
full,cylinder,11,7,1,198.0,80.0,150,150,1,D:\full_files\11\7\circle_vortex_tracks.csv,D:\full_files\11\7\circle_pressure_map.csv
full,cylinder,11,7,1,198.0,80.0,152,155,4,D:\full_files\11\7\circle_vortex_tracks.csv,D:\full_files\11\7\circle_pressure_map.csv
full,cylinder,11,7,1,198.0,80.0,160,160,1,D:\full_files\11\7\circle_vortex_tracks.csv,D:\full_files\11\7\circle_pressure_map.csv
full,cylinder,11,7,1,198.0,80.0,162,607,446,D:\full_files\11\7\circle_vortex_tracks.csv,D:\full_files\11\7\circle_pressure_map.csv
full,cylinder,11,7,2,200.0,39.0,446,607,162,D:\full_files\11\7\circle_vortex_tracks.csv,D:\full_files\11\7\circle_pressure_map.csv
full,cylinder,11,8,2,200.0,39.0,111,403,293,D:\full_files\11\8\circle_vortex_tracks.csv,D:\full_files\11\8\circle_pressure_map.csv
full,cylinder,11,9,0,146.0,80.0,158,244,87,D:\full_files\11\9\circle_vortex_tracks.csv,D:\full_files\11\9\circle_pressure_map.csv
full,cylinder,11,9,2,200.0,39.0,157,159,3,D:\full_files\11\9\circle_vortex_tracks.csv,D:\full_files\11\9\circle_pressure_map.csv
full,cylinder,11,9,2,200.0,39.0,166,174,9,D:\full_files\11\9\circle_vortex_tracks.csv,D:\full_files\11\9\circle_pressure_map.csv
full,cylinder,11,9,2,200.0,39.0,178,182,5,D:\full_files\11\9\circle_vortex_tracks.csv,D:\full_files\11\9\circle_pressure_map.csv
full,cylinder,11,9,2,200.0,39.0,188,189,2,D:\full_files\11\9\circle_vortex_tracks.csv,D:\full_files\11\9\circle_pressure_map.csv
full,cylinder,11,9,2,200.0,39.0,196,218,23,D:\full_files\11\9\circle_vortex_tracks.csv,D:\full_files\11\9\circle_pressure_map.csv
full,cylinder,11,9,2,200.0,39.0,226,244,19,D:\full_files\11\9\circle_vortex_tracks.csv,D:\full_files\11\9\circle_pressure_map.csv
full,cylinder,11,10,0,146.0,80.0,162,195,34,D:\full_files\11\10\circle_vortex_tracks.csv,D:\full_files\11\10\circle_pressure_map.csv
full,cylinder,11,10,1,198.0,80.0,115,195,81,D:\full_files\11\10\circle_vortex_tracks.csv,D:\full_files\11\10\circle_pressure_map.csv
full,cylinder,14,1,0,146.0,80.0,217,278,62,D:\full_files\14\1\circle_vortex_tracks.csv,D:\full_files\14\1\circle_pressure_map.csv
full,cylinder,14,1,2,200.0,39.0,191,200,10,D:\full_files\14\1\circle_vortex_tracks.csv,D:\full_files\14\1\circle_pressure_map.csv
full,cylinder,14,1,2,200.0,39.0,216,225,10,D:\full_files\14\1\circle_vortex_tracks.csv,D:\full_files\14\1\circle_pressure_map.csv
full,cylinder,14,1,2,200.0,39.0,232,241,10,D:\full_files\14\1\circle_vortex_tracks.csv,D:\full_files\14\1\circle_pressure_map.csv
full,cylinder,14,1,2,200.0,39.0,243,244,2,D:\full_files\14\1\circle_vortex_tracks.csv,D:\full_files\14\1\circle_pressure_map.csv
full,cylinder,14,1,2,200.0,39.0,253,278,26,D:\full_files\14\1\circle_vortex_tracks.csv,D:\full_files\14\1\circle_pressure_map.csv
full,cylinder,14,3,0,146.0,80.0,127,159,33,D:\full_files\14\3\circle_vortex_tracks.csv,D:\full_files\14\3\circle_pressure_map.csv
full,cylinder,14,3,0,146.0,80.0,196,250,55,D:\full_files\14\3\circle_vortex_tracks.csv,D:\full_files\14\3\circle_pressure_map.csv
full,cylinder,14,3,2,200.0,39.0,170,171,2,D:\full_files\14\3\circle_vortex_tracks.csv,D:\full_files\14\3\circle_pressure_map.csv
full,cylinder,14,3,2,200.0,39.0,173,250,78,D:\full_files\14\3\circle_vortex_tracks.csv,D:\full_files\14\3\circle_pressure_map.csv
full,cylinder,14,4,0,146.0,80.0,158,284,127,D:\full_files\14\4\circle_vortex_tracks.csv,D:\full_files\14\4\circle_pressure_map.csv
full,cylinder,14,4,1,198.0,80.0,94,229,136,D:\full_files\14\4\circle_vortex_tracks.csv,D:\full_files\14\4\circle_pressure_map.csv
full,cylinder,14,5,0,146.0,80.0,203,276,74,D:\full_files\14\5\circle_vortex_tracks.csv,D:\full_files\14\5\circle_pressure_map.csv
full,cylinder,14,5,2,200.0,39.0,173,173,1,D:\full_files\14\5\circle_vortex_tracks.csv,D:\full_files\14\5\circle_pressure_map.csv
full,cylinder,14,5,2,200.0,39.0,179,276,98,D:\full_files\14\5\circle_vortex_tracks.csv,D:\full_files\14\5\circle_pressure_map.csv
full,cylinder,14,7,0,146.0,80.0,105,149,45,D:\full_files\14\7\circle_vortex_tracks.csv,D:\full_files\14\7\circle_pressure_map.csv
full,cylinder,14,7,0,146.0,80.0,168,229,62,D:\full_files\14\7\circle_vortex_tracks.csv,D:\full_files\14\7\circle_pressure_map.csv
full,cylinder,14,7,2,200.0,39.0,152,229,78,D:\full_files\14\7\circle_vortex_tracks.csv,D:\full_files\14\7\circle_pressure_map.csv
full,cylinder,14,8,0,146.0,80.0,159,159,1,D:\full_files\14\8\circle_vortex_tracks.csv,D:\full_files\14\8\circle_pressure_map.csv
full,cylinder,14,8,0,146.0,80.0,162,271,110,D:\full_files\14\8\circle_vortex_tracks.csv,D:\full_files\14\8\circle_pressure_map.csv
full,cylinder,14,9,0,146.0,80.0,86,88,3,D:\full_files\14\9\circle_vortex_tracks.csv,D:\full_files\14\9\circle_pressure_map.csv
full,cylinder,14,9,0,146.0,80.0,90,90,1,D:\full_files\14\9\circle_vortex_tracks.csv,D:\full_files\14\9\circle_pressure_map.csv
full,cylinder,14,9,0,146.0,80.0,97,98,2,D:\full_files\14\9\circle_vortex_tracks.csv,D:\full_files\14\9\circle_pressure_map.csv
full,cylinder,14,9,0,146.0,80.0,100,100,1,D:\full_files\14\9\circle_vortex_tracks.csv,D:\full_files\14\9\circle_pressure_map.csv
full,cylinder,14,9,0,146.0,80.0,121,122,2,D:\full_files\14\9\circle_vortex_tracks.csv,D:\full_files\14\9\circle_pressure_map.csv
full,cylinder,14,9,0,146.0,80.0,124,124,1,D:\full_files\14\9\circle_vortex_tracks.csv,D:\full_files\14\9\circle_pressure_map.csv
full,cylinder,14,9,0,146.0,80.0,144,611,468,D:\full_files\14\9\circle_vortex_tracks.csv,D:\full_files\14\9\circle_pressure_map.csv
full,cylinder,14,9,1,198.0,80.0,155,155,1,D:\full_files\14\9\circle_vortex_tracks.csv,D:\full_files\14\9\circle_pressure_map.csv
full,cylinder,14,9,1,198.0,80.0,182,184,3,D:\full_files\14\9\circle_vortex_tracks.csv,D:\full_files\14\9\circle_pressure_map.csv
full,cylinder,14,9,1,198.0,80.0,236,611,376,D:\full_files\14\9\circle_vortex_tracks.csv,D:\full_files\14\9\circle_pressure_map.csv
full,cylinder,14,9,2,200.0,39.0,175,177,3,D:\full_files\14\9\circle_vortex_tracks.csv,D:\full_files\14\9\circle_pressure_map.csv
full,cylinder,14,9,2,200.0,39.0,179,179,1,D:\full_files\14\9\circle_vortex_tracks.csv,D:\full_files\14\9\circle_pressure_map.csv
full,cylinder,14,9,2,200.0,39.0,219,611,393,D:\full_files\14\9\circle_vortex_tracks.csv,D:\full_files\14\9\circle_pressure_map.csv
full,cylinder,14,10,0,146.0,80.0,190,191,2,D:\full_files\14\10\circle_vortex_tracks.csv,D:\full_files\14\10\circle_pressure_map.csv
full,cylinder,14,10,0,146.0,80.0,195,230,36,D:\full_files\14\10\circle_vortex_tracks.csv,D:\full_files\14\10\circle_pressure_map.csv
full,cylinder,14,10,2,200.0,39.0,160,168,9,D:\full_files\14\10\circle_vortex_tracks.csv,D:\full_files\14\10\circle_pressure_map.csv
full,cylinder,14,10,2,200.0,39.0,170,170,1,D:\full_files\14\10\circle_vortex_tracks.csv,D:\full_files\14\10\circle_pressure_map.csv
full,cylinder,14,10,2,200.0,39.0,175,189,15,D:\full_files\14\10\circle_vortex_tracks.csv,D:\full_files\14\10\circle_pressure_map.csv
full,cylinder,14,10,2,200.0,39.0,191,200,10,D:\full_files\14\10\circle_vortex_tracks.csv,D:\full_files\14\10\circle_pressure_map.csv
full,cylinder,14,10,2,200.0,39.0,206,213,8,D:\full_files\14\10\circle_vortex_tracks.csv,D:\full_files\14\10\circle_pressure_map.csv
full,cylinder,14,10,2,200.0,39.0,215,215,1,D:\full_files\14\10\circle_vortex_tracks.csv,D:\full_files\14\10\circle_pressure_map.csv
full,cylinder,14,10,2,200.0,39.0,223,230,8,D:\full_files\14\10\circle_vortex_tracks.csv,D:\full_files\14\10\circle_pressure_map.csv
full,cylinder,14,11,0,146.0,80.0,250,250,1,D:\full_files\14\11\circle_vortex_tracks.csv,D:\full_files\14\11\circle_pressure_map.csv
full,cylinder,14,11,0,146.0,80.0,253,341,89,D:\full_files\14\11\circle_vortex_tracks.csv,D:\full_files\14\11\circle_pressure_map.csv
full,cylinder,14,11,1,198.0,80.0,187,341,155,D:\full_files\14\11\circle_vortex_tracks.csv,D:\full_files\14\11\circle_pressure_map.csv
full,cylinder,14,12,0,146.0,80.0,134,279,146,D:\full_files\14\12\circle_vortex_tracks.csv,D:\full_files\14\12\circle_pressure_map.csv
full,cylinder,14,12,1,198.0,80.0,233,279,47,D:\full_files\14\12\circle_vortex_tracks.csv,D:\full_files\14\12\circle_pressure_map.csv
full,cylinder,14,13,0,146.0,80.0,136,267,132,D:\full_files\14\13\circle_vortex_tracks.csv,D:\full_files\14\13\circle_pressure_map.csv
full,cylinder,14,13,1,198.0,80.0,63,267,205,D:\full_files\14\13\circle_vortex_tracks.csv,D:\full_files\14\13\circle_pressure_map.csv
full,cylinder,15,2,0,146.0,80.0,235,238,4,D:\full_files\15\2\circle_vortex_tracks.csv,D:\full_files\15\2\circle_pressure_map.csv
full,cylinder,15,2,0,146.0,80.0,244,377,134,D:\full_files\15\2\circle_vortex_tracks.csv,D:\full_files\15\2\circle_pressure_map.csv
full,cylinder,15,3,0,146.0,80.0,279,311,33,D:\full_files\15\3\circle_vortex_tracks.csv,D:\full_files\15\3\circle_pressure_map.csv
full,cylinder,15,3,2,200.0,39.0,130,130,1,D:\full_files\15\3\circle_vortex_tracks.csv,D:\full_files\15\3\circle_pressure_map.csv
full,cylinder,15,3,2,200.0,39.0,132,277,146,D:\full_files\15\3\circle_vortex_tracks.csv,D:\full_files\15\3\circle_pressure_map.csv
full,cylinder,15,4,0,146.0,80.0,88,98,11,D:\full_files\15\4\circle_vortex_tracks.csv,D:\full_files\15\4\circle_pressure_map.csv
full,cylinder,15,4,0,146.0,80.0,123,174,52,D:\full_files\15\4\circle_vortex_tracks.csv,D:\full_files\15\4\circle_pressure_map.csv
full,cylinder,15,4,0,146.0,80.0,176,177,2,D:\full_files\15\4\circle_vortex_tracks.csv,D:\full_files\15\4\circle_pressure_map.csv
full,cylinder,15,4,0,146.0,80.0,179,180,2,D:\full_files\15\4\circle_vortex_tracks.csv,D:\full_files\15\4\circle_pressure_map.csv
full,cylinder,15,4,0,146.0,80.0,182,298,117,D:\full_files\15\4\circle_vortex_tracks.csv,D:\full_files\15\4\circle_pressure_map.csv
full,cylinder,15,4,1,198.0,80.0,196,197,2,D:\full_files\15\4\circle_vortex_tracks.csv,D:\full_files\15\4\circle_pressure_map.csv
full,cylinder,15,4,1,198.0,80.0,199,203,5,D:\full_files\15\4\circle_vortex_tracks.csv,D:\full_files\15\4\circle_pressure_map.csv
full,cylinder,15,4,1,198.0,80.0,207,298,92,D:\full_files\15\4\circle_vortex_tracks.csv,D:\full_files\15\4\circle_pressure_map.csv
full,cylinder,15,5,0,146.0,80.0,181,330,150,D:\full_files\15\5\circle_vortex_tracks.csv,D:\full_files\15\5\circle_pressure_map.csv
full,cylinder,15,5,1,198.0,80.0,123,180,58,D:\full_files\15\5\circle_vortex_tracks.csv,D:\full_files\15\5\circle_pressure_map.csv
full,cylinder,15,6,0,146.0,80.0,83,100,18,D:\full_files\15\6\circle_vortex_tracks.csv,D:\full_files\15\6\circle_pressure_map.csv
full,cylinder,15,6,0,146.0,80.0,105,108,4,D:\full_files\15\6\circle_vortex_tracks.csv,D:\full_files\15\6\circle_pressure_map.csv
full,cylinder,15,6,0,146.0,80.0,110,215,106,D:\full_files\15\6\circle_vortex_tracks.csv,D:\full_files\15\6\circle_pressure_map.csv
full,cylinder,15,6,0,146.0,80.0,226,284,59,D:\full_files\15\6\circle_vortex_tracks.csv,D:\full_files\15\6\circle_pressure_map.csv
full,cylinder,15,6,1,198.0,80.0,193,284,92,D:\full_files\15\6\circle_vortex_tracks.csv,D:\full_files\15\6\circle_pressure_map.csv
full,cylinder,15,7,0,146.0,80.0,118,118,1,D:\full_files\15\7\circle_vortex_tracks.csv,D:\full_files\15\7\circle_pressure_map.csv
full,cylinder,15,7,0,146.0,80.0,120,127,8,D:\full_files\15\7\circle_vortex_tracks.csv,D:\full_files\15\7\circle_pressure_map.csv
full,cylinder,15,7,0,146.0,80.0,130,289,160,D:\full_files\15\7\circle_vortex_tracks.csv,D:\full_files\15\7\circle_pressure_map.csv
full,cylinder,15,8,0,146.0,80.0,94,101,8,D:\full_files\15\8\circle_vortex_tracks.csv,D:\full_files\15\8\circle_pressure_map.csv
full,cylinder,15,8,0,146.0,80.0,108,340,233,D:\full_files\15\8\circle_vortex_tracks.csv,D:\full_files\15\8\circle_pressure_map.csv
full,cylinder,15,8,1,198.0,80.0,218,295,78,D:\full_files\15\8\circle_vortex_tracks.csv,D:\full_files\15\8\circle_pressure_map.csv
full,cylinder,15,8,1,198.0,80.0,297,305,9,D:\full_files\15\8\circle_vortex_tracks.csv,D:\full_files\15\8\circle_pressure_map.csv
full,cylinder,15,8,1,198.0,80.0,314,314,1,D:\full_files\15\8\circle_vortex_tracks.csv,D:\full_files\15\8\circle_pressure_map.csv
full,cylinder,15,8,1,198.0,80.0,319,328,10,D:\full_files\15\8\circle_vortex_tracks.csv,D:\full_files\15\8\circle_pressure_map.csv
full,cylinder,15,8,1,198.0,80.0,330,340,11,D:\full_files\15\8\circle_vortex_tracks.csv,D:\full_files\15\8\circle_pressure_map.csv
full,cylinder,15,9,0,146.0,80.0,162,282,121,D:\full_files\15\9\circle_vortex_tracks.csv,D:\full_files\15\9\circle_pressure_map.csv
full,cylinder,15,9,1,198.0,80.0,122,197,76,D:\full_files\15\9\circle_vortex_tracks.csv,D:\full_files\15\9\circle_pressure_map.csv
full,cylinder,15,9,1,198.0,80.0,199,205,7,D:\full_files\15\9\circle_vortex_tracks.csv,D:\full_files\15\9\circle_pressure_map.csv
full,cylinder,15,9,1,198.0,80.0,210,215,6,D:\full_files\15\9\circle_vortex_tracks.csv,D:\full_files\15\9\circle_pressure_map.csv
full,cylinder,15,9,1,198.0,80.0,222,225,4,D:\full_files\15\9\circle_vortex_tracks.csv,D:\full_files\15\9\circle_pressure_map.csv
full,cylinder,15,10,0,146.0,80.0,146,169,24,D:\full_files\15\10\circle_vortex_tracks.csv,D:\full_files\15\10\circle_pressure_map.csv
full,cylinder,15,10,0,146.0,80.0,185,193,9,D:\full_files\15\10\circle_vortex_tracks.csv,D:\full_files\15\10\circle_pressure_map.csv
full,cylinder,15,10,0,146.0,80.0,195,196,2,D:\full_files\15\10\circle_vortex_tracks.csv,D:\full_files\15\10\circle_pressure_map.csv
full,cylinder,15,10,0,146.0,80.0,232,232,1,D:\full_files\15\10\circle_vortex_tracks.csv,D:\full_files\15\10\circle_pressure_map.csv
full,cylinder,15,10,0,146.0,80.0,248,248,1,D:\full_files\15\10\circle_vortex_tracks.csv,D:\full_files\15\10\circle_pressure_map.csv
full,cylinder,15,10,0,146.0,80.0,251,251,1,D:\full_files\15\10\circle_vortex_tracks.csv,D:\full_files\15\10\circle_pressure_map.csv
full,cylinder,15,10,0,146.0,80.0,282,283,2,D:\full_files\15\10\circle_vortex_tracks.csv,D:\full_files\15\10\circle_pressure_map.csv
full,cylinder,15,10,0,146.0,80.0,286,477,192,D:\full_files\15\10\circle_vortex_tracks.csv,D:\full_files\15\10\circle_pressure_map.csv
full,cylinder,15,10,1,198.0,80.0,368,368,1,D:\full_files\15\10\circle_vortex_tracks.csv,D:\full_files\15\10\circle_pressure_map.csv
full,cylinder,15,10,1,198.0,80.0,408,408,1,D:\full_files\15\10\circle_vortex_tracks.csv,D:\full_files\15\10\circle_pressure_map.csv
full,cylinder,15,10,1,198.0,80.0,411,413,3,D:\full_files\15\10\circle_vortex_tracks.csv,D:\full_files\15\10\circle_pressure_map.csv
full,cylinder,15,10,1,198.0,80.0,415,430,16,D:\full_files\15\10\circle_vortex_tracks.csv,D:\full_files\15\10\circle_pressure_map.csv
full,cylinder,15,10,1,198.0,80.0,438,439,2,D:\full_files\15\10\circle_vortex_tracks.csv,D:\full_files\15\10\circle_pressure_map.csv
full,cylinder,15,10,1,198.0,80.0,449,473,25,D:\full_files\15\10\circle_vortex_tracks.csv,D:\full_files\15\10\circle_pressure_map.csv
full,cylinder,15,10,1,198.0,80.0,475,477,3,D:\full_files\15\10\circle_vortex_tracks.csv,D:\full_files\15\10\circle_pressure_map.csv
full,cylinder,16,2,0,146.0,80.0,79,282,204,D:\full_files\16\2\circle_vortex_tracks.csv,D:\full_files\16\2\circle_pressure_map.csv
full,cylinder,16,2,1,198.0,80.0,191,282,92,D:\full_files\16\2\circle_vortex_tracks.csv,D:\full_files\16\2\circle_pressure_map.csv
full,cylinder,16,3,0,146.0,80.0,170,388,219,D:\full_files\16\3\circle_vortex_tracks.csv,D:\full_files\16\3\circle_pressure_map.csv
full,cylinder,16,3,1,198.0,80.0,87,94,8,D:\full_files\16\3\circle_vortex_tracks.csv,D:\full_files\16\3\circle_pressure_map.csv
full,cylinder,16,3,1,198.0,80.0,98,388,291,D:\full_files\16\3\circle_vortex_tracks.csv,D:\full_files\16\3\circle_pressure_map.csv
full,cylinder,16,3,2,200.0,39.0,388,388,1,D:\full_files\16\3\circle_vortex_tracks.csv,D:\full_files\16\3\circle_pressure_map.csv
full,cylinder,16,4,0,146.0,80.0,105,105,1,D:\full_files\16\4\circle_vortex_tracks.csv,D:\full_files\16\4\circle_pressure_map.csv
full,cylinder,16,4,0,146.0,80.0,108,108,1,D:\full_files\16\4\circle_vortex_tracks.csv,D:\full_files\16\4\circle_pressure_map.csv
full,cylinder,16,4,0,146.0,80.0,176,250,75,D:\full_files\16\4\circle_vortex_tracks.csv,D:\full_files\16\4\circle_pressure_map.csv
full,cylinder,16,4,1,198.0,80.0,203,205,3,D:\full_files\16\4\circle_vortex_tracks.csv,D:\full_files\16\4\circle_pressure_map.csv
full,cylinder,16,4,1,198.0,80.0,244,250,7,D:\full_files\16\4\circle_vortex_tracks.csv,D:\full_files\16\4\circle_pressure_map.csv
full,cylinder,16,5,0,146.0,80.0,192,194,3,D:\full_files\16\5\circle_vortex_tracks.csv,D:\full_files\16\5\circle_pressure_map.csv
full,cylinder,16,5,0,146.0,80.0,196,379,184,D:\full_files\16\5\circle_vortex_tracks.csv,D:\full_files\16\5\circle_pressure_map.csv
full,cylinder,16,5,1,198.0,80.0,140,252,113,D:\full_files\16\5\circle_vortex_tracks.csv,D:\full_files\16\5\circle_pressure_map.csv
full,cylinder,16,6,0,146.0,80.0,81,89,9,D:\full_files\16\6\circle_vortex_tracks.csv,D:\full_files\16\6\circle_pressure_map.csv
full,cylinder,16,6,0,146.0,80.0,91,91,1,D:\full_files\16\6\circle_vortex_tracks.csv,D:\full_files\16\6\circle_pressure_map.csv
full,cylinder,16,6,0,146.0,80.0,93,186,94,D:\full_files\16\6\circle_vortex_tracks.csv,D:\full_files\16\6\circle_pressure_map.csv
full,cylinder,16,6,0,146.0,80.0,188,195,8,D:\full_files\16\6\circle_vortex_tracks.csv,D:\full_files\16\6\circle_pressure_map.csv
full,cylinder,16,6,0,146.0,80.0,202,264,63,D:\full_files\16\6\circle_vortex_tracks.csv,D:\full_files\16\6\circle_pressure_map.csv
full,cylinder,16,6,1,198.0,80.0,168,264,97,D:\full_files\16\6\circle_vortex_tracks.csv,D:\full_files\16\6\circle_pressure_map.csv
full,cylinder,16,7,0,146.0,80.0,234,394,161,D:\full_files\16\7\circle_vortex_tracks.csv,D:\full_files\16\7\circle_pressure_map.csv
full,cylinder,16,7,1,198.0,80.0,166,394,229,D:\full_files\16\7\circle_vortex_tracks.csv,D:\full_files\16\7\circle_pressure_map.csv
full,cylinder,16,7,2,200.0,39.0,375,394,20,D:\full_files\16\7\circle_vortex_tracks.csv,D:\full_files\16\7\circle_pressure_map.csv
full,cylinder,16,8,0,146.0,80.0,183,677,495,D:\full_files\16\8\circle_vortex_tracks.csv,D:\full_files\16\8\circle_pressure_map.csv
full,cylinder,16,8,1,198.0,80.0,293,479,187,D:\full_files\16\8\circle_vortex_tracks.csv,D:\full_files\16\8\circle_pressure_map.csv
full,cylinder,16,8,1,198.0,80.0,598,677,80,D:\full_files\16\8\circle_vortex_tracks.csv,D:\full_files\16\8\circle_pressure_map.csv
full,cylinder,16,8,2,200.0,39.0,476,677,202,D:\full_files\16\8\circle_vortex_tracks.csv,D:\full_files\16\8\circle_pressure_map.csv
full,cylinder,17,2,2,200.0,39.0,171,240,70,D:\full_files\17\2\circle_vortex_tracks.csv,D:\full_files\17\2\circle_pressure_map.csv
full,cylinder,17,3,0,146.0,80.0,196,369,174,D:\full_files\17\3\circle_vortex_tracks.csv,D:\full_files\17\3\circle_pressure_map.csv
full,cylinder,17,3,1,198.0,80.0,80,88,9,D:\full_files\17\3\circle_vortex_tracks.csv,D:\full_files\17\3\circle_pressure_map.csv
full,cylinder,17,3,1,198.0,80.0,99,296,198,D:\full_files\17\3\circle_vortex_tracks.csv,D:\full_files\17\3\circle_pressure_map.csv
full,cylinder,17,3,2,200.0,39.0,277,369,93,D:\full_files\17\3\circle_vortex_tracks.csv,D:\full_files\17\3\circle_pressure_map.csv
full,cylinder,17,4,0,146.0,80.0,46,48,3,D:\full_files\17\4\circle_vortex_tracks.csv,D:\full_files\17\4\circle_pressure_map.csv
full,cylinder,17,4,0,146.0,80.0,57,227,171,D:\full_files\17\4\circle_vortex_tracks.csv,D:\full_files\17\4\circle_pressure_map.csv
full,cylinder,17,4,1,198.0,80.0,170,227,58,D:\full_files\17\4\circle_vortex_tracks.csv,D:\full_files\17\4\circle_pressure_map.csv
full,cylinder,17,5,0,146.0,80.0,95,97,3,D:\full_files\17\5\circle_vortex_tracks.csv,D:\full_files\17\5\circle_pressure_map.csv
full,cylinder,17,5,0,146.0,80.0,99,101,3,D:\full_files\17\5\circle_vortex_tracks.csv,D:\full_files\17\5\circle_pressure_map.csv
full,cylinder,17,5,0,146.0,80.0,103,107,5,D:\full_files\17\5\circle_vortex_tracks.csv,D:\full_files\17\5\circle_pressure_map.csv
full,cylinder,17,5,0,146.0,80.0,112,287,176,D:\full_files\17\5\circle_vortex_tracks.csv,D:\full_files\17\5\circle_pressure_map.csv
full,cylinder,17,5,1,198.0,80.0,56,287,232,D:\full_files\17\5\circle_vortex_tracks.csv,D:\full_files\17\5\circle_pressure_map.csv
full,cylinder,17,6,0,146.0,80.0,78,91,14,D:\full_files\17\6\circle_vortex_tracks.csv,D:\full_files\17\6\circle_pressure_map.csv
full,cylinder,17,6,0,146.0,80.0,93,93,1,D:\full_files\17\6\circle_vortex_tracks.csv,D:\full_files\17\6\circle_pressure_map.csv
full,cylinder,17,6,0,146.0,80.0,95,95,1,D:\full_files\17\6\circle_vortex_tracks.csv,D:\full_files\17\6\circle_pressure_map.csv
full,cylinder,17,6,0,146.0,80.0,97,153,57,D:\full_files\17\6\circle_vortex_tracks.csv,D:\full_files\17\6\circle_pressure_map.csv
full,cylinder,17,6,0,146.0,80.0,167,662,496,D:\full_files\17\6\circle_vortex_tracks.csv,D:\full_files\17\6\circle_pressure_map.csv
full,cylinder,17,6,1,198.0,80.0,174,191,18,D:\full_files\17\6\circle_vortex_tracks.csv,D:\full_files\17\6\circle_pressure_map.csv
full,cylinder,17,6,1,198.0,80.0,203,215,13,D:\full_files\17\6\circle_vortex_tracks.csv,D:\full_files\17\6\circle_pressure_map.csv
full,cylinder,17,6,1,198.0,80.0,221,221,1,D:\full_files\17\6\circle_vortex_tracks.csv,D:\full_files\17\6\circle_pressure_map.csv
full,cylinder,17,6,1,198.0,80.0,230,231,2,D:\full_files\17\6\circle_vortex_tracks.csv,D:\full_files\17\6\circle_pressure_map.csv
full,cylinder,17,6,1,198.0,80.0,233,233,1,D:\full_files\17\6\circle_vortex_tracks.csv,D:\full_files\17\6\circle_pressure_map.csv
full,cylinder,17,6,1,198.0,80.0,237,251,15,D:\full_files\17\6\circle_vortex_tracks.csv,D:\full_files\17\6\circle_pressure_map.csv
full,cylinder,17,6,1,198.0,80.0,260,423,164,D:\full_files\17\6\circle_vortex_tracks.csv,D:\full_files\17\6\circle_pressure_map.csv
full,cylinder,17,6,1,198.0,80.0,430,432,3,D:\full_files\17\6\circle_vortex_tracks.csv,D:\full_files\17\6\circle_pressure_map.csv
full,cylinder,17,6,1,198.0,80.0,434,662,229,D:\full_files\17\6\circle_vortex_tracks.csv,D:\full_files\17\6\circle_pressure_map.csv
full,cylinder,17,6,2,200.0,39.0,343,662,320,D:\full_files\17\6\circle_vortex_tracks.csv,D:\full_files\17\6\circle_pressure_map.csv
full,cylinder,17,7,0,146.0,80.0,172,214,43,D:\full_files\17\7\circle_vortex_tracks.csv,D:\full_files\17\7\circle_pressure_map.csv
full,cylinder,17,7,1,198.0,80.0,215,215,1,D:\full_files\17\7\circle_vortex_tracks.csv,D:\full_files\17\7\circle_pressure_map.csv
full,cylinder,17,7,2,200.0,39.0,138,144,7,D:\full_files\17\7\circle_vortex_tracks.csv,D:\full_files\17\7\circle_pressure_map.csv
full,cylinder,17,7,2,200.0,39.0,146,157,12,D:\full_files\17\7\circle_vortex_tracks.csv,D:\full_files\17\7\circle_pressure_map.csv
full,cylinder,17,7,2,200.0,39.0,159,215,57,D:\full_files\17\7\circle_vortex_tracks.csv,D:\full_files\17\7\circle_pressure_map.csv
full,cylinder,18,3,0,146.0,80.0,218,465,248,D:\full_files\18\3\circle_vortex_tracks.csv,D:\full_files\18\3\circle_pressure_map.csv
full,cylinder,18,3,1,198.0,80.0,122,421,300,D:\full_files\18\3\circle_vortex_tracks.csv,D:\full_files\18\3\circle_pressure_map.csv
full,cylinder,18,3,2,200.0,39.0,422,465,44,D:\full_files\18\3\circle_vortex_tracks.csv,D:\full_files\18\3\circle_pressure_map.csv
full,cylinder,18,4,0,146.0,80.0,172,265,94,D:\full_files\18\4\circle_vortex_tracks.csv,D:\full_files\18\4\circle_pressure_map.csv
full,cylinder,18,5,0,146.0,80.0,259,443,185,D:\full_files\18\5\circle_vortex_tracks.csv,D:\full_files\18\5\circle_pressure_map.csv
full,cylinder,18,5,1,198.0,80.0,161,443,283,D:\full_files\18\5\circle_vortex_tracks.csv,D:\full_files\18\5\circle_pressure_map.csv
full,cylinder,18,6,0,146.0,80.0,116,162,47,D:\full_files\18\6\circle_vortex_tracks.csv,D:\full_files\18\6\circle_pressure_map.csv
full,cylinder,18,6,0,146.0,80.0,164,164,1,D:\full_files\18\6\circle_vortex_tracks.csv,D:\full_files\18\6\circle_pressure_map.csv
full,cylinder,18,6,0,146.0,80.0,166,355,190,D:\full_files\18\6\circle_vortex_tracks.csv,D:\full_files\18\6\circle_pressure_map.csv
full,cylinder,18,6,1,198.0,80.0,232,355,124,D:\full_files\18\6\circle_vortex_tracks.csv,D:\full_files\18\6\circle_pressure_map.csv
full,cylinder,18,7,0,146.0,80.0,209,402,194,D:\full_files\18\7\circle_vortex_tracks.csv,D:\full_files\18\7\circle_pressure_map.csv
full,cylinder,18,7,1,198.0,80.0,118,402,285,D:\full_files\18\7\circle_vortex_tracks.csv,D:\full_files\18\7\circle_pressure_map.csv
full,cylinder,18,8,0,146.0,80.0,157,181,25,D:\full_files\18\8\circle_vortex_tracks.csv,D:\full_files\18\8\circle_pressure_map.csv
full,cylinder,18,8,0,146.0,80.0,184,210,27,D:\full_files\18\8\circle_vortex_tracks.csv,D:\full_files\18\8\circle_pressure_map.csv
full,cylinder,18,8,0,146.0,80.0,232,233,2,D:\full_files\18\8\circle_vortex_tracks.csv,D:\full_files\18\8\circle_pressure_map.csv
full,cylinder,18,8,0,146.0,80.0,237,238,2,D:\full_files\18\8\circle_vortex_tracks.csv,D:\full_files\18\8\circle_pressure_map.csv
full,cylinder,18,8,0,146.0,80.0,240,401,162,D:\full_files\18\8\circle_vortex_tracks.csv,D:\full_files\18\8\circle_pressure_map.csv
full,cylinder,18,8,1,198.0,80.0,272,272,1,D:\full_files\18\8\circle_vortex_tracks.csv,D:\full_files\18\8\circle_pressure_map.csv
full,cylinder,18,8,1,198.0,80.0,285,291,7,D:\full_files\18\8\circle_vortex_tracks.csv,D:\full_files\18\8\circle_pressure_map.csv
full,cylinder,18,8,1,198.0,80.0,295,333,39,D:\full_files\18\8\circle_vortex_tracks.csv,D:\full_files\18\8\circle_pressure_map.csv
full,cylinder,18,8,1,198.0,80.0,337,350,14,D:\full_files\18\8\circle_vortex_tracks.csv,D:\full_files\18\8\circle_pressure_map.csv
full,cylinder,18,8,1,198.0,80.0,352,353,2,D:\full_files\18\8\circle_vortex_tracks.csv,D:\full_files\18\8\circle_pressure_map.csv
full,cylinder,18,8,1,198.0,80.0,356,356,1,D:\full_files\18\8\circle_vortex_tracks.csv,D:\full_files\18\8\circle_pressure_map.csv
full,cylinder,18,8,1,198.0,80.0,365,395,31,D:\full_files\18\8\circle_vortex_tracks.csv,D:\full_files\18\8\circle_pressure_map.csv
full,cylinder,18,8,1,198.0,80.0,397,401,5,D:\full_files\18\8\circle_vortex_tracks.csv,D:\full_files\18\8\circle_pressure_map.csv
full,cylinder,18,11,0,146.0,80.0,210,220,11,D:\full_files\18\11\circle_vortex_tracks.csv,D:\full_files\18\11\circle_pressure_map.csv
full,cylinder,18,11,0,146.0,80.0,222,222,1,D:\full_files\18\11\circle_vortex_tracks.csv,D:\full_files\18\11\circle_pressure_map.csv
full,cylinder,18,11,0,146.0,80.0,227,227,1,D:\full_files\18\11\circle_vortex_tracks.csv,D:\full_files\18\11\circle_pressure_map.csv
full,cylinder,18,11,0,146.0,80.0,229,234,6,D:\full_files\18\11\circle_vortex_tracks.csv,D:\full_files\18\11\circle_pressure_map.csv
full,cylinder,18,11,0,146.0,80.0,250,461,212,D:\full_files\18\11\circle_vortex_tracks.csv,D:\full_files\18\11\circle_pressure_map.csv
full,cylinder,18,11,1,198.0,80.0,292,297,6,D:\full_files\18\11\circle_vortex_tracks.csv,D:\full_files\18\11\circle_pressure_map.csv
full,cylinder,18,11,1,198.0,80.0,299,302,4,D:\full_files\18\11\circle_vortex_tracks.csv,D:\full_files\18\11\circle_pressure_map.csv
full,cylinder,18,11,1,198.0,80.0,306,308,3,D:\full_files\18\11\circle_vortex_tracks.csv,D:\full_files\18\11\circle_pressure_map.csv
full,cylinder,18,11,1,198.0,80.0,312,320,9,D:\full_files\18\11\circle_vortex_tracks.csv,D:\full_files\18\11\circle_pressure_map.csv
full,cylinder,18,11,1,198.0,80.0,325,327,3,D:\full_files\18\11\circle_vortex_tracks.csv,D:\full_files\18\11\circle_pressure_map.csv
full,cylinder,18,11,1,198.0,80.0,333,342,10,D:\full_files\18\11\circle_vortex_tracks.csv,D:\full_files\18\11\circle_pressure_map.csv
full,cylinder,18,11,1,198.0,80.0,344,344,1,D:\full_files\18\11\circle_vortex_tracks.csv,D:\full_files\18\11\circle_pressure_map.csv
full,cylinder,18,11,1,198.0,80.0,346,346,1,D:\full_files\18\11\circle_vortex_tracks.csv,D:\full_files\18\11\circle_pressure_map.csv
full,cylinder,18,11,1,198.0,80.0,349,462,114,D:\full_files\18\11\circle_vortex_tracks.csv,D:\full_files\18\11\circle_pressure_map.csv
full,cylinder,18,11,2,200.0,39.0,457,457,1,D:\full_files\18\11\circle_vortex_tracks.csv,D:\full_files\18\11\circle_pressure_map.csv
full,cylinder,18,11,2,200.0,39.0,459,461,3,D:\full_files\18\11\circle_vortex_tracks.csv,D:\full_files\18\11\circle_pressure_map.csv
full,cylinder,18,13,0,146.0,80.0,138,378,241,D:\full_files\18\13\circle_vortex_tracks.csv,D:\full_files\18\13\circle_pressure_map.csv
full,cylinder,18,13,1,198.0,80.0,87,280,194,D:\full_files\18\13\circle_vortex_tracks.csv,D:\full_files\18\13\circle_pressure_map.csv
full,cylinder,22,1,0,146.0,80.0,198,414,217,D:\full_files\22\1\circle_vortex_tracks.csv,D:\full_files\22\1\circle_pressure_map.csv
full,cylinder,22,1,1,198.0,80.0,143,414,272,D:\full_files\22\1\circle_vortex_tracks.csv,D:\full_files\22\1\circle_pressure_map.csv
full,cylinder,22,1,2,200.0,39.0,99,414,316,D:\full_files\22\1\circle_vortex_tracks.csv,D:\full_files\22\1\circle_pressure_map.csv
full,cylinder,22,2,0,146.0,80.0,65,65,1,D:\full_files\22\2\circle_vortex_tracks.csv,D:\full_files\22\2\circle_pressure_map.csv
full,cylinder,22,2,0,146.0,80.0,67,73,7,D:\full_files\22\2\circle_vortex_tracks.csv,D:\full_files\22\2\circle_pressure_map.csv
full,cylinder,22,2,0,146.0,80.0,75,191,117,D:\full_files\22\2\circle_vortex_tracks.csv,D:\full_files\22\2\circle_pressure_map.csv
full,cylinder,22,2,1,198.0,80.0,148,152,5,D:\full_files\22\2\circle_vortex_tracks.csv,D:\full_files\22\2\circle_pressure_map.csv
full,cylinder,22,2,1,198.0,80.0,154,191,38,D:\full_files\22\2\circle_vortex_tracks.csv,D:\full_files\22\2\circle_pressure_map.csv
full,cylinder,22,3,0,146.0,80.0,162,285,124,D:\full_files\22\3\circle_vortex_tracks.csv,D:\full_files\22\3\circle_pressure_map.csv
full,cylinder,22,3,1,198.0,80.0,121,170,50,D:\full_files\22\3\circle_vortex_tracks.csv,D:\full_files\22\3\circle_pressure_map.csv
full,cylinder,22,4,0,146.0,80.0,72,73,2,D:\full_files\22\4\circle_vortex_tracks.csv,D:\full_files\22\4\circle_pressure_map.csv
full,cylinder,22,4,0,146.0,80.0,78,102,25,D:\full_files\22\4\circle_vortex_tracks.csv,D:\full_files\22\4\circle_pressure_map.csv
full,cylinder,22,4,0,146.0,80.0,119,222,104,D:\full_files\22\4\circle_vortex_tracks.csv,D:\full_files\22\4\circle_pressure_map.csv
full,cylinder,22,4,1,198.0,80.0,151,151,1,D:\full_files\22\4\circle_vortex_tracks.csv,D:\full_files\22\4\circle_pressure_map.csv
full,cylinder,22,4,1,198.0,80.0,174,185,12,D:\full_files\22\4\circle_vortex_tracks.csv,D:\full_files\22\4\circle_pressure_map.csv
full,cylinder,22,4,1,198.0,80.0,188,222,35,D:\full_files\22\4\circle_vortex_tracks.csv,D:\full_files\22\4\circle_pressure_map.csv
full,cylinder,22,6,0,146.0,80.0,103,249,147,D:\full_files\22\6\circle_vortex_tracks.csv,D:\full_files\22\6\circle_pressure_map.csv
full,cylinder,22,6,1,198.0,80.0,200,253,54,D:\full_files\22\6\circle_vortex_tracks.csv,D:\full_files\22\6\circle_pressure_map.csv
full,cylinder,23,8,0,146.0,80.0,240,361,122,D:\full_files\23\8\circle_vortex_tracks.csv,D:\full_files\23\8\circle_pressure_map.csv
full,cylinder,23,8,2,200.0,39.0,289,289,1,D:\full_files\23\8\circle_vortex_tracks.csv,D:\full_files\23\8\circle_pressure_map.csv
full,cylinder,23,8,2,200.0,39.0,311,361,51,D:\full_files\23\8\circle_vortex_tracks.csv,D:\full_files\23\8\circle_pressure_map.csv
full,cylinder,23,11,0,146.0,80.0,141,147,7,D:\full_files\23\11\circle_vortex_tracks.csv,D:\full_files\23\11\circle_pressure_map.csv
full,cylinder,23,11,0,146.0,80.0,149,150,2,D:\full_files\23\11\circle_vortex_tracks.csv,D:\full_files\23\11\circle_pressure_map.csv
full,cylinder,23,11,0,146.0,80.0,189,321,133,D:\full_files\23\11\circle_vortex_tracks.csv,D:\full_files\23\11\circle_pressure_map.csv
full,cylinder,23,11,2,200.0,39.0,283,321,39,D:\full_files\23\11\circle_vortex_tracks.csv,D:\full_files\23\11\circle_pressure_map.csv
full,cylinder,23,20,0,146.0,80.0,139,259,121,D:\full_files\23\20\circle_vortex_tracks.csv,D:\full_files\23\20\circle_pressure_map.csv
full,cylinder,23,20,1,198.0,80.0,211,259,49,D:\full_files\23\20\circle_vortex_tracks.csv,D:\full_files\23\20\circle_pressure_map.csv
full,cylinder,24,10,0,146.0,80.0,263,497,235,D:\full_files\24\10\circle_vortex_tracks.csv,D:\full_files\24\10\circle_pressure_map.csv
full,cylinder,24,10,1,198.0,80.0,161,475,315,D:\full_files\24\10\circle_vortex_tracks.csv,D:\full_files\24\10\circle_pressure_map.csv
full,cylinder,25,4,0,146.0,80.0,23,23,1,D:\full_files\25\4\circle_vortex_tracks.csv,D:\full_files\25\4\circle_pressure_map.csv
full,cylinder,25,4,1,198.0,80.0,23,23,1,D:\full_files\25\4\circle_vortex_tracks.csv,D:\full_files\25\4\circle_pressure_map.csv
full,cylinder,25,4,2,200.0,39.0,23,23,1,D:\full_files\25\4\circle_vortex_tracks.csv,D:\full_files\25\4\circle_pressure_map.csv
full,cylinder,25,5,0,146.0,80.0,205,400,196,D:\full_files\25\5\circle_vortex_tracks.csv,D:\full_files\25\5\circle_pressure_map.csv
full,cylinder,25,5,1,198.0,80.0,313,400,88,D:\full_files\25\5\circle_vortex_tracks.csv,D:\full_files\25\5\circle_pressure_map.csv
full,cylinder,25,6,1,198.0,80.0,35,36,2,D:\full_files\25\6\circle_vortex_tracks.csv,D:\full_files\25\6\circle_pressure_map.csv
full,cylinder,25,6,2,200.0,39.0,37,37,1,D:\full_files\25\6\circle_vortex_tracks.csv,D:\full_files\25\6\circle_pressure_map.csv
full,cylinder,27,6,0,146.0,80.0,228,440,213,D:\full_files\27\6\circle_vortex_tracks.csv,D:\full_files\27\6\circle_pressure_map.csv
full,cylinder,27,6,1,198.0,80.0,161,440,280,D:\full_files\27\6\circle_vortex_tracks.csv,D:\full_files\27\6\circle_pressure_map.csv
full,cylinder,27,6,2,200.0,39.0,128,312,185,D:\full_files\27\6\circle_vortex_tracks.csv,D:\full_files\27\6\circle_pressure_map.csv
full,cylinder,27,8,0,146.0,80.0,197,384,188,D:\full_files\27\8\circle_vortex_tracks.csv,D:\full_files\27\8\circle_pressure_map.csv
full,cylinder,27,8,1,198.0,80.0,357,384,28,D:\full_files\27\8\circle_vortex_tracks.csv,D:\full_files\27\8\circle_pressure_map.csv
full,cylinder,27,8,2,200.0,39.0,73,374,302,D:\full_files\27\8\circle_vortex_tracks.csv,D:\full_files\27\8\circle_pressure_map.csv
full,cylinder,27,9,0,146.0,80.0,272,275,4,D:\full_files\27\9\circle_vortex_tracks.csv,D:\full_files\27\9\circle_pressure_map.csv
full,cylinder,27,9,0,146.0,80.0,285,285,1,D:\full_files\27\9\circle_vortex_tracks.csv,D:\full_files\27\9\circle_pressure_map.csv
full,cylinder,27,9,0,146.0,80.0,292,373,82,D:\full_files\27\9\circle_vortex_tracks.csv,D:\full_files\27\9\circle_pressure_map.csv
full,cylinder,27,9,1,198.0,80.0,304,307,4,D:\full_files\27\9\circle_vortex_tracks.csv,D:\full_files\27\9\circle_pressure_map.csv
full,cylinder,27,9,1,198.0,80.0,310,318,9,D:\full_files\27\9\circle_vortex_tracks.csv,D:\full_files\27\9\circle_pressure_map.csv
full,cylinder,27,9,1,198.0,80.0,344,373,30,D:\full_files\27\9\circle_vortex_tracks.csv,D:\full_files\27\9\circle_pressure_map.csv
full,cylinder,27,9,2,200.0,39.0,110,373,264,D:\full_files\27\9\circle_vortex_tracks.csv,D:\full_files\27\9\circle_pressure_map.csv
full,cylinder,28,7,0,146.0,80.0,193,195,3,D:\full_files\28\7\circle_vortex_tracks.csv,D:\full_files\28\7\circle_pressure_map.csv
full,cylinder,28,7,0,146.0,80.0,222,330,109,D:\full_files\28\7\circle_vortex_tracks.csv,D:\full_files\28\7\circle_pressure_map.csv
full,cylinder,28,7,1,198.0,80.0,143,143,1,D:\full_files\28\7\circle_vortex_tracks.csv,D:\full_files\28\7\circle_pressure_map.csv
full,cylinder,28,7,1,198.0,80.0,145,301,157,D:\full_files\28\7\circle_vortex_tracks.csv,D:\full_files\28\7\circle_pressure_map.csv
full,cylinder,28,7,2,200.0,39.0,324,330,7,D:\full_files\28\7\circle_vortex_tracks.csv,D:\full_files\28\7\circle_pressure_map.csv
full,cylinder,29,4,0,146.0,80.0,295,376,82,D:\full_files\29\4\circle_vortex_tracks.csv,D:\full_files\29\4\circle_pressure_map.csv
full,cylinder,29,4,1,198.0,80.0,330,400,71,D:\full_files\29\4\circle_vortex_tracks.csv,D:\full_files\29\4\circle_pressure_map.csv
full,cylinder,29,4,2,200.0,39.0,99,99,1,D:\full_files\29\4\circle_vortex_tracks.csv,D:\full_files\29\4\circle_pressure_map.csv
full,cylinder,29,4,2,200.0,39.0,102,400,299,D:\full_files\29\4\circle_vortex_tracks.csv,D:\full_files\29\4\circle_pressure_map.csv
full,cylinder,29,7,0,146.0,80.0,183,306,124,D:\full_files\29\7\circle_vortex_tracks.csv,D:\full_files\29\7\circle_pressure_map.csv
full,cylinder,29,7,1,198.0,80.0,142,142,1,D:\full_files\29\7\circle_vortex_tracks.csv,D:\full_files\29\7\circle_pressure_map.csv
full,cylinder,29,7,1,198.0,80.0,144,301,158,D:\full_files\29\7\circle_vortex_tracks.csv,D:\full_files\29\7\circle_pressure_map.csv
full,cylinder,29,10,0,146.0,80.0,141,275,135,D:\full_files\29\10\circle_vortex_tracks.csv,D:\full_files\29\10\circle_pressure_map.csv
full,cylinder,29,10,1,198.0,80.0,85,275,191,D:\full_files\29\10\circle_vortex_tracks.csv,D:\full_files\29\10\circle_pressure_map.csv
full,cylinder,29,15,0,146.0,80.0,142,142,1,D:\full_files\29\15\circle_vortex_tracks.csv,D:\full_files\29\15\circle_pressure_map.csv
full,cylinder,29,15,0,146.0,80.0,144,287,144,D:\full_files\29\15\circle_vortex_tracks.csv,D:\full_files\29\15\circle_pressure_map.csv
full,cylinder,29,15,1,198.0,80.0,97,287,191,D:\full_files\29\15\circle_vortex_tracks.csv,D:\full_files\29\15\circle_pressure_map.csv
full,cylinder,29,19,0,146.0,80.0,139,234,96,D:\full_files\29\19\circle_vortex_tracks.csv,D:\full_files\29\19\circle_pressure_map.csv
full,cylinder,29,19,1,198.0,80.0,220,234,15,D:\full_files\29\19\circle_vortex_tracks.csv,D:\full_files\29\19\circle_pressure_map.csv
full,cylinder,29,20,0,146.0,80.0,98,183,86,D:\full_files\29\20\circle_vortex_tracks.csv,D:\full_files\29\20\circle_pressure_map.csv
full,cylinder,29,20,1,198.0,80.0,61,183,123,D:\full_files\29\20\circle_vortex_tracks.csv,D:\full_files\29\20\circle_pressure_map.csv
full,cylinder,30,3,0,146.0,80.0,195,333,139,D:\full_files\30\3\circle_vortex_tracks.csv,D:\full_files\30\3\circle_pressure_map.csv
full,cylinder,30,3,1,198.0,80.0,119,333,215,D:\full_files\30\3\circle_vortex_tracks.csv,D:\full_files\30\3\circle_pressure_map.csv
full,cylinder,30,4,0,146.0,80.0,79,295,217,D:\full_files\30\4\circle_vortex_tracks.csv,D:\full_files\30\4\circle_pressure_map.csv
full,cylinder,30,4,1,198.0,80.0,170,196,27,D:\full_files\30\4\circle_vortex_tracks.csv,D:\full_files\30\4\circle_pressure_map.csv
full,cylinder,30,4,1,198.0,80.0,200,295,96,D:\full_files\30\4\circle_vortex_tracks.csv,D:\full_files\30\4\circle_pressure_map.csv
full,cylinder,30,5,0,146.0,80.0,180,270,91,D:\full_files\30\5\circle_vortex_tracks.csv,D:\full_files\30\5\circle_pressure_map.csv
full,cylinder,30,5,1,198.0,80.0,142,144,3,D:\full_files\30\5\circle_vortex_tracks.csv,D:\full_files\30\5\circle_pressure_map.csv
full,cylinder,30,5,1,198.0,80.0,146,270,125,D:\full_files\30\5\circle_vortex_tracks.csv,D:\full_files\30\5\circle_pressure_map.csv
full,cylinder,30,6,0,146.0,80.0,82,82,1,D:\full_files\30\6\circle_vortex_tracks.csv,D:\full_files\30\6\circle_pressure_map.csv
full,cylinder,30,6,0,146.0,80.0,84,111,28,D:\full_files\30\6\circle_vortex_tracks.csv,D:\full_files\30\6\circle_pressure_map.csv
full,cylinder,30,6,0,146.0,80.0,115,145,31,D:\full_files\30\6\circle_vortex_tracks.csv,D:\full_files\30\6\circle_pressure_map.csv
full,cylinder,30,6,0,146.0,80.0,155,254,100,D:\full_files\30\6\circle_vortex_tracks.csv,D:\full_files\30\6\circle_pressure_map.csv
full,cylinder,30,6,1,198.0,80.0,180,181,2,D:\full_files\30\6\circle_vortex_tracks.csv,D:\full_files\30\6\circle_pressure_map.csv
full,cylinder,30,6,1,198.0,80.0,183,185,3,D:\full_files\30\6\circle_vortex_tracks.csv,D:\full_files\30\6\circle_pressure_map.csv
full,cylinder,30,6,1,198.0,80.0,187,188,2,D:\full_files\30\6\circle_vortex_tracks.csv,D:\full_files\30\6\circle_pressure_map.csv
full,cylinder,30,6,1,198.0,80.0,197,218,22,D:\full_files\30\6\circle_vortex_tracks.csv,D:\full_files\30\6\circle_pressure_map.csv
full,cylinder,30,6,1,198.0,80.0,223,254,32,D:\full_files\30\6\circle_vortex_tracks.csv,D:\full_files\30\6\circle_pressure_map.csv
full,cylinder,30,18,0,146.0,80.0,110,612,503,D:\full_files\30\18\circle_vortex_tracks.csv,D:\full_files\30\18\circle_pressure_map.csv
full,cylinder,30,18,1,198.0,80.0,211,612,402,D:\full_files\30\18\circle_vortex_tracks.csv,D:\full_files\30\18\circle_pressure_map.csv
full,cylinder,30,18,2,200.0,39.0,398,612,215,D:\full_files\30\18\circle_vortex_tracks.csv,D:\full_files\30\18\circle_pressure_map.csv
full,cylinder,30,20,1,198.0,80.0,86,101,16,D:\full_files\30\20\circle_vortex_tracks.csv,D:\full_files\30\20\circle_pressure_map.csv
full,cylinder,30,20,1,198.0,80.0,103,104,2,D:\full_files\30\20\circle_vortex_tracks.csv,D:\full_files\30\20\circle_pressure_map.csv
full,cylinder,30,20,1,198.0,80.0,110,133,24,D:\full_files\30\20\circle_vortex_tracks.csv,D:\full_files\30\20\circle_pressure_map.csv
full,cylinder,31,2,0,146.0,80.0,145,321,177,D:\full_files\31\2\circle_vortex_tracks.csv,D:\full_files\31\2\circle_pressure_map.csv
full,cylinder,31,2,1,198.0,80.0,61,62,2,D:\full_files\31\2\circle_vortex_tracks.csv,D:\full_files\31\2\circle_pressure_map.csv
full,cylinder,31,2,1,198.0,80.0,80,321,242,D:\full_files\31\2\circle_vortex_tracks.csv,D:\full_files\31\2\circle_pressure_map.csv
full,cylinder,31,13,0,146.0,80.0,63,64,2,D:\full_files\31\13\circle_vortex_tracks.csv,D:\full_files\31\13\circle_pressure_map.csv
full,cylinder,31,13,2,200.0,39.0,63,64,2,D:\full_files\31\13\circle_vortex_tracks.csv,D:\full_files\31\13\circle_pressure_map.csv
full,cylinder,32,20,0,146.0,80.0,77,80,4,D:\full_files\32\20\circle_vortex_tracks.csv,D:\full_files\32\20\circle_pressure_map.csv
full,cylinder,32,20,0,146.0,80.0,83,86,4,D:\full_files\32\20\circle_vortex_tracks.csv,D:\full_files\32\20\circle_pressure_map.csv
full,cylinder,32,20,0,146.0,80.0,98,123,26,D:\full_files\32\20\circle_vortex_tracks.csv,D:\full_files\32\20\circle_pressure_map.csv
full,cylinder,32,20,0,146.0,80.0,125,125,1,D:\full_files\32\20\circle_vortex_tracks.csv,D:\full_files\32\20\circle_pressure_map.csv
full,cylinder,32,20,0,146.0,80.0,127,128,2,D:\full_files\32\20\circle_vortex_tracks.csv,D:\full_files\32\20\circle_pressure_map.csv
full,cylinder,32,20,0,146.0,80.0,142,149,8,D:\full_files\32\20\circle_vortex_tracks.csv,D:\full_files\32\20\circle_pressure_map.csv
full,cylinder,32,20,0,146.0,80.0,153,242,90,D:\full_files\32\20\circle_vortex_tracks.csv,D:\full_files\32\20\circle_pressure_map.csv
full,cylinder,32,20,1,198.0,80.0,162,172,11,D:\full_files\32\20\circle_vortex_tracks.csv,D:\full_files\32\20\circle_pressure_map.csv
full,cylinder,32,20,1,198.0,80.0,190,190,1,D:\full_files\32\20\circle_vortex_tracks.csv,D:\full_files\32\20\circle_pressure_map.csv
full,cylinder,32,20,1,198.0,80.0,201,201,1,D:\full_files\32\20\circle_vortex_tracks.csv,D:\full_files\32\20\circle_pressure_map.csv
full,cylinder,32,20,1,198.0,80.0,203,203,1,D:\full_files\32\20\circle_vortex_tracks.csv,D:\full_files\32\20\circle_pressure_map.csv
full,cylinder,32,20,1,198.0,80.0,208,209,2,D:\full_files\32\20\circle_vortex_tracks.csv,D:\full_files\32\20\circle_pressure_map.csv
full,cylinder,32,20,1,198.0,80.0,226,242,17,D:\full_files\32\20\circle_vortex_tracks.csv,D:\full_files\32\20\circle_pressure_map.csv
full,cylinder,33,11,0,146.0,80.0,172,173,2,D:\full_files\33\11\circle_vortex_tracks.csv,D:\full_files\33\11\circle_pressure_map.csv
full,cylinder,33,11,0,146.0,80.0,182,296,115,D:\full_files\33\11\circle_vortex_tracks.csv,D:\full_files\33\11\circle_pressure_map.csv
full,cylinder,33,11,1,198.0,80.0,126,126,1,D:\full_files\33\11\circle_vortex_tracks.csv,D:\full_files\33\11\circle_pressure_map.csv
full,cylinder,33,11,1,198.0,80.0,128,186,59,D:\full_files\33\11\circle_vortex_tracks.csv,D:\full_files\33\11\circle_pressure_map.csv
full,cylinder,33,11,1,198.0,80.0,190,195,6,D:\full_files\33\11\circle_vortex_tracks.csv,D:\full_files\33\11\circle_pressure_map.csv
full,cylinder,33,11,1,198.0,80.0,201,205,5,D:\full_files\33\11\circle_vortex_tracks.csv,D:\full_files\33\11\circle_pressure_map.csv
full,cylinder,33,11,1,198.0,80.0,215,217,3,D:\full_files\33\11\circle_vortex_tracks.csv,D:\full_files\33\11\circle_pressure_map.csv
full,cylinder,35,11,0,146.0,80.0,129,129,1,D:\full_files\35\11\circle_vortex_tracks.csv,D:\full_files\35\11\circle_pressure_map.csv
full,cylinder,35,11,0,146.0,80.0,131,291,161,D:\full_files\35\11\circle_vortex_tracks.csv,D:\full_files\35\11\circle_pressure_map.csv
full,cylinder,35,11,1,198.0,80.0,247,291,45,D:\full_files\35\11\circle_vortex_tracks.csv,D:\full_files\35\11\circle_pressure_map.csv
full,cylinder,35,12,0,146.0,80.0,170,323,154,D:\full_files\35\12\circle_vortex_tracks.csv,D:\full_files\35\12\circle_pressure_map.csv
full,cylinder,35,12,1,198.0,80.0,85,323,239,D:\full_files\35\12\circle_vortex_tracks.csv,D:\full_files\35\12\circle_pressure_map.csv
full,cylinder,40,1,0,146.0,80.0,336,519,184,D:\full_files\40\1\circle_vortex_tracks.csv,D:\full_files\40\1\circle_pressure_map.csv
full,cylinder,40,1,1,198.0,80.0,35,338,304,D:\full_files\40\1\circle_vortex_tracks.csv,D:\full_files\40\1\circle_pressure_map.csv
full,cylinder,40,1,2,200.0,39.0,127,519,393,D:\full_files\40\1\circle_vortex_tracks.csv,D:\full_files\40\1\circle_pressure_map.csv
full,cylinder,40,3,0,146.0,80.0,143,235,93,D:\full_files\40\3\circle_vortex_tracks.csv,D:\full_files\40\3\circle_pressure_map.csv
full,cylinder,40,3,1,198.0,80.0,226,235,10,D:\full_files\40\3\circle_vortex_tracks.csv,D:\full_files\40\3\circle_pressure_map.csv
full,cylinder,40,4,0,146.0,80.0,149,266,118,D:\full_files\40\4\circle_vortex_tracks.csv,D:\full_files\40\4\circle_pressure_map.csv
full,cylinder,40,4,1,198.0,80.0,72,266,195,D:\full_files\40\4\circle_vortex_tracks.csv,D:\full_files\40\4\circle_pressure_map.csv
full,cylinder,40,9,0,146.0,80.0,77,203,127,D:\full_files\40\9\circle_vortex_tracks.csv,D:\full_files\40\9\circle_pressure_map.csv
full,cylinder,40,9,1,198.0,80.0,139,203,65,D:\full_files\40\9\circle_vortex_tracks.csv,D:\full_files\40\9\circle_pressure_map.csv
full,cylinder,40,10,0,146.0,80.0,140,167,28,D:\full_files\40\10\circle_vortex_tracks.csv,D:\full_files\40\10\circle_pressure_map.csv
full,cylinder,40,10,1,198.0,80.0,90,90,1,D:\full_files\40\10\circle_vortex_tracks.csv,D:\full_files\40\10\circle_pressure_map.csv
full,cylinder,40,10,1,198.0,80.0,92,167,76,D:\full_files\40\10\circle_vortex_tracks.csv,D:\full_files\40\10\circle_pressure_map.csv
